Reference,doi,Composition,Location,Material,H2O technique,CO2 technique,Experimental apparatus,Sample,T_C,T_C sd,T_C sd type,P_bar,P_bar sd,P_bar sd type,H2O_wt%,H2O_wt% sd,H2O_wt% sd type,CO2_ppm,CO2_ppm sd,CO2_ppm sd type,SiO2_wt%,SiO2_wt% sd,SiO2_wt% sd type,Al2O3_wt%,Al2O3_wt% sd,Al2O3_wt% sd type,Na2O_wt%,Na2O_wt% sd,Na2O_wt% sd type,MgO_wt%,MgO_wt% sd,MgO_wt% sd type,CaO_wt%,CaO_wt% sd,CaO_wt% sd type,TiO2_wt%,TiO2_wt% sd,TiO2_wt% sd type,FeOT_wt%,FeOT_wt% sd,FeOT_wt% sd type,MnO_wt%,MnO_wt% sd,MnO_wt% sd type,K2O_wt%,K2O_wt% sd,K2O_wt% sd type,P2O5_wt%,P2O5_wt% sd,P2O5_wt% sd type,Fe3_FeT,Fe3_FeT sd,Fe3_FeT sd type,fO2,fO2 unit,fO2 sd,fO2 sd type,XH2Of,XH2Of sd,XH2Of sd type,XCO2f,XCO2f sd,XCO2f sd type,Fit_or_test,Unnamed: 65,Unnamed: 66,Unnamed: 67,Unnamed: 68,volatile-free analytical total,SiO2_n,TA_n,Symbol,Colour,calib_MagmaSat,calib_ShishkinaIdealMixing,calib_IaconoMarziano,calib_Liu,calib_Solwcad,model option,P_bar model,P_bar sd model,xgH2O model,xgH2O sd model,xgCO2 model,xgCO2 sd model
Riker et al. (2015) ,10.1007/s00410-015-1160-5,Rhyolite,Mount St. Helens,Synthetic,SIMS,SIMS,EHCS,DSB6,885,3,A,2000,10,A,6.53,0.17,A,34,9,A,71.09,0.3,A,15.97,0.1,A,4.91,0.24,A,0.76,0.05,A,2.88,0.07,A,0.3,0.02,A,2.08,0.1,A,0.02,0.03,A,1.88,0.13,A,0.1,0.03,A,,,,,,ND,,,,ND,,,ND,T,,,,,99.99,71.09710971,6.790679068,diamond,#cc78bc,N,N,N,N,,Liu,2492.75349,107.0350621,0.981457655,0.004965697,0.018542345,0.004965697
Riker et al. (2015) ,10.1007/s00410-015-1160-5,Rhyolite,Mount St. Helens,Synthetic,SIMS,SIMS,EHCS,PSB26,885,3,A,1750,10,A,6.69,0.28,A,63,10,A,71.94,0.16,A,15.56,0.1,A,4.82,0.2,A,0.74,0.05,A,2.58,0.05,A,0.31,0.02,A,1.88,0.12,A,0.05,0.04,A,2.02,0.08,A,0.12,0.04,A,,,,2.7,DNNO,NR,,,,ND,,,ND,F,,,,,100.02,71.92561488,6.838632274,diamond,#cc78bc,N,N,N,N,,Liu,2638.303509,169.301097,0.968280039,0.005702449,0.031719961,0.005702449
Riker et al. (2015) ,10.1007/s00410-015-1160-5,Rhyolite,Mount St. Helens,Synthetic,SIMS,SIMS,EHCS,PSB30,885,3,A,1500,10,A,6.15,0.36,A,76,16,A,73.15,0.26,A,14.84,0.18,A,4.66,0.16,A,0.67,0.05,A,2.17,0.05,A,0.3,0.02,A,1.86,0.08,A,0.06,0.04,A,2.16,0.1,A,0.13,0.04,A,,,,,,ND,,,,ND,,,ND,F,,,,,100,73.15,6.82,diamond,#cc78bc,N,N,N,N,,Liu,2350.658294,217.4409105,0.953918103,0.01066924,0.046081897,0.01066924
Riker et al. (2015) ,10.1007/s00410-015-1160-5,Rhyolite,Mount St. Helens,Synthetic,SIMS,SIMS,EHCS,PSB32,885,3,A,1000,10,A,4.78,0.1,A,49,15,A,76.38,0.32,A,13.29,0.17,A,4.51,0.21,A,0.35,0.06,A,1.33,0.04,A,0.29,0.04,A,1.26,0.11,A,0.03,0.04,A,2.48,0.12,A,0.09,0.02,A,,,,2.3,DNNO,NR,,,,ND,,,ND,F,,,,,100.01,76.37236276,6.98930107,diamond,#cc78bc,N,N,N,N,,Liu,1544.571444,57.54285569,0.950875516,0.01439008,0.049124484,0.01439008
Riker et al. (2015) ,10.1007/s00410-015-1160-5,Rhyolite,Mount St. Helens,Synthetic,SIMS,SIMS,EHCS,PSB33,885,3,A,500,10,A,3.2,0.5,A,57,11,A,78.24,0.52,A,11.99,0.11,A,3.8,0.26,A,0.15,0.08,A,0.85,0.07,A,0.24,0.04,A,1.76,0.1,A,0.05,0.06,A,2.8,0.09,A,0.12,0.03,A,,,,,,ND,,,,ND,,,ND,F,,,,,100,78.24,6.6,diamond,#cc78bc,N,N,N,N,,Liu,847.6578599,205.2101498,0.884000913,0.035304602,0.115999087,0.035304602
Riker et al. (2015) ,10.1007/s00410-015-1160-5,Rhyolite,Mount St. Helens,Synthetic,SIMS,SIMS,EHCS,PSB37,885,3,A,2000,10,A,4.94,0.03,A,700,32,A,76.6,0.22,A,13.05,0.12,A,4.22,0.2,A,0.35,0.06,A,1.35,0.08,A,0.29,0.03,A,1.42,0.13,A,0.05,0.06,A,2.56,0.09,A,0.1,0.04,A,,,,,,ND,,,,ND,,,ND,F,,,,,99.99,76.60766077,6.780678068,diamond,#cc78bc,N,N,N,N,,Liu,2806.623574,60.97130417,0.623283103,0.009612108,0.376716897,0.009612108
Riker et al. (2015) ,10.1007/s00410-015-1160-5,Rhyolite,Mount St. Helens,Synthetic,SIMS,SIMS,EHCS,PSB42,885,3,A,2000,10,A,5.09,0.23,A,615,22,A,74.82,0.44,A,13.94,0.14,A,4.65,0.47,A,0.46,0.05,A,1.72,0.04,A,0.34,0.03,A,1.49,0.16,A,0.06,0.04,A,2.41,0.12,A,0.1,0.04,A,,,,,,ND,,,,ND,,,ND,F,,,,,99.99,74.82748275,7.060706071,diamond,#cc78bc,N,N,N,N,,Liu,2729.347482,128.17875,0.661798394,0.021821884,0.338201606,0.021821884
Riker et al. (2015) ,10.1007/s00410-015-1160-5,Rhyolite,Mount St. Helens,Synthetic,SIMS,SIMS,EHCS,PSB43,885,3,A,2000,10,A,6.13,0.22,A,320,26,A,73.02,0.29,A,15.07,0.21,A,4.91,0.26,A,0.61,0.05,A,2.18,0.04,A,0.3,0.01,A,1.6,0.1,A,0.07,0.06,A,2.13,0.09,A,0.11,0.03,A,,,,,,ND,,,,ND,,,ND,F,,,,,100,73.02,7.04,diamond,#cc78bc,N,N,N,N,,Liu,2760.279513,139.5281471,0.839350628,0.015587192,0.160649372,0.015587192
Riker et al. (2015) ,10.1007/s00410-015-1160-5,Rhyolite,Mount St. Helens,Synthetic,SIMS,SIMS,EHCS,PSB44,885,3,A,1750,10,A,5.44,0.14,A,424,24,A,75.61,0.45,A,13.52,0.16,A,4.47,0.21,A,0.58,0.1,A,1.5,0.05,A,0.34,0.05,A,1.41,0.38,A,0.06,0.04,A,2.42,0.13,A,0.09,0.04,A,,,,,,ND,,,,ND,,,ND,F,,,,,100,75.61,6.89,diamond,#cc78bc,N,N,N,N,,Liu,2566.662285,88.07746823,0.756398958,0.013150736,0.243601042,0.013150736
Riker et al. (2015) ,10.1007/s00410-015-1160-5,Rhyolite,Mount St. Helens,Synthetic,SIMS,SIMS,EHCS,PSB45,885,3,A,1750,10,A,6.16,0.48,A,234,22,A,73.97,0.57,A,14.53,0.18,A,4.71,0.43,A,0.77,0.28,A,1.86,0.06,A,0.3,0.03,A,1.47,0.16,A,0.05,0.05,A,2.24,0.08,A,0.11,0.03,A,,,,,,ND,,,,ND,,,ND,F,,,,,100.01,73.96260374,6.949305069,diamond,#cc78bc,N,N,N,N,,Liu,2642.168705,276.4732996,0.875150876,0.021541574,0.124849124,0.021541574
Riker et al. (2015) ,10.1007/s00410-015-1160-5,Rhyolite,Mount St. Helens,Synthetic,SIMS,SIMS,EHCS,PSB49,885,3,A,2000,10,A,5.53,0.19,A,318,18,A,73,0.44,A,15.22,0.19,A,4.82,0.41,A,0.65,0.06,A,2.27,0.08,A,0.25,0.03,A,1.49,0.08,A,0.07,0.05,A,2.11,0.09,A,0.11,0.02,A,,,,3.4,DNNO,NR,,,,ND,,,ND,F,,,,,99.99,73.00730073,6.930693069,diamond,#cc78bc,N,N,N,N,,Liu,2423.030282,109.8399593,0.807481127,0.014002015,0.192518873,0.014002015
Riker et al. (2015) ,10.1007/s00410-015-1160-5,Rhyolite,Mount St. Helens,Synthetic,SIMS,SIMS,EHCS,PSB50,885,3,A,2000,10,A,5.48,0.15,A,573,36,A,73.95,0.3,A,14.43,0.18,A,4.72,0.18,A,0.67,0.14,A,1.99,0.04,A,0.3,0.03,A,1.48,0.12,A,0.07,0.05,A,2.26,0.11,A,0.1,0.03,A,,,,2.7,DNNO,NR,,,,ND,,,ND,T,,,,,99.97,73.97219166,6.982094628,diamond,#cc78bc,N,N,N,N,,Liu,2860.826888,103.9649934,0.708435551,0.016209786,0.291564449,0.016209786
Riker et al. (2015) ,10.1007/s00410-015-1160-5,Rhyolite,Mount St. Helens,Synthetic,SIMS,SIMS,EHCS,PSB51,885,3,A,2000,10,A,4.71,0.42,A,724,10,A,75.09,0.33,A,13.76,0.17,A,4.63,0.31,A,0.58,0.08,A,1.63,0.06,A,0.32,0.03,A,1.46,0.23,A,0.05,0.06,A,2.37,0.12,A,0.1,0.02,A,,,,,,ND,,,,ND,,,ND,F,,,,,99.99,75.09750975,7.00070007,diamond,#cc78bc,N,N,N,N,,Liu,2727.390431,212.6890492,0.591198133,0.042236761,0.408801867,0.042236761
Riker et al. (2015) ,10.1007/s00410-015-1160-5,Rhyolite,Mount St. Helens,Synthetic,SIMS,SIMS,EHCS,PSB52,885,3,A,1500,10,A,5.33,0.26,A,201,23,A,76.02,0.47,A,13.53,0.15,A,4.65,0.45,A,0.56,0.17,A,1.38,0.04,A,0.2,0.03,A,1.09,0.15,A,0.06,0.06,A,2.41,0.15,A,0.09,0.03,A,,,,3.1,DNNO,NR,,,,ND,,,ND,F,,,,,99.99,76.02760276,7.060706071,diamond,#cc78bc,N,N,N,N,,Liu,2102.591828,143.271927,0.856596108,0.018051836,0.143403892,0.018051836
Riker et al. (2015) ,10.1007/s00410-015-1160-5,Rhyolite,Mount St. Helens,Synthetic,SIMS,SIMS,EHCS,PSB53,885,3,A,1500,10,A,4.46,0.11,A,306,12,A,77.21,0.31,A,12.87,0.14,A,4.12,0.29,A,0.54,0.23,A,1.21,0.04,A,0.2,0.02,A,1.05,0.08,A,0.05,0.05,A,2.69,0.09,A,0.06,0.03,A,,,,2.9,DNNO,NR,,,,ND,,,ND,T,,,,,100,77.21,6.81,diamond,#cc78bc,N,N,N,N,,Liu,1849.14361,58.22192694,0.740383066,0.011057988,0.259616934,0.011057988
Riker et al. (2015) ,10.1007/s00410-015-1160-5,Rhyolite,Mount St. Helens,Synthetic,SIMS,SIMS,EHCS,PSB54,885,3,A,1500,10,A,3.72,0.36,A,437,81,A,78.33,0.59,A,12.24,0.33,A,4.02,0.41,A,0.34,0.1,A,1.02,0.14,A,0.21,0.03,A,0.97,0.09,A,0.03,0.04,A,2.77,0.1,A,0.07,0.04,A,,,,2.6,DNNO,NR,,,,ND,,,ND,T,,,,,100,78.33,6.79,diamond,#cc78bc,N,N,N,N,,Liu,1740.267588,222.6644639,0.600029105,0.060467765,0.399970895,0.060467765
Riker et al. (2015) ,10.1007/s00410-015-1160-5,Rhyolite,Mount St. Helens,Synthetic,SIMS,SIMS,EHCS,PSB55,885,3,A,1000,10,A,4.19,0.15,A,118,9,A,75.05,0.27,A,13.49,0.17,A,4.78,0.28,A,0.37,0.03,A,1.47,0.04,A,0.26,0.02,A,1.97,0.08,A,0.04,0.04,A,2.46,0.11,A,0.11,0.02,A,,,,,,ND,,,,ND,,,ND,F,,,,,100,75.05,7.24,diamond,#cc78bc,N,N,N,N,,Liu,1378.763617,74.49170665,0.863250876,0.011626421,0.136749124,0.011626421
Riker et al. (2015) ,10.1007/s00410-015-1160-5,Rhyolite,Mount St. Helens,Synthetic,SIMS,SIMS,EHCS,PSB56,885,3,A,1000,10,A,3.82,0.12,A,197,9,A,75.92,0.29,A,12.95,0.19,A,4.77,0.26,A,0.27,0.05,A,1.23,0.05,A,0.22,0.03,A,1.88,0.11,A,0.05,0.05,A,2.6,0.11,A,0.09,0.03,A,,,,,,ND,,,,ND,,,ND,F,,,,,99.98,75.93518704,7.371474295,diamond,#cc78bc,N,N,N,N,,Liu,1346.931565,58.01835036,0.765665262,0.01269937,0.234334738,0.01269937
Riker et al. (2015) ,10.1007/s00410-015-1160-5,Rhyolite,Mount St. Helens,Synthetic,SIMS,SIMS,EHCS,PSB57,885,3,A,1000,10,A,3.39,0.18,A,258,23,A,76.71,0.37,A,12.6,0.15,A,4.53,0.3,A,0.23,0.12,A,1.1,0.05,A,0.24,0.04,A,1.74,0.08,A,0.04,0.05,A,2.72,0.13,A,0.08,0.04,A,,,,,,ND,,,,ND,,,ND,F,,,,,99.99,76.71767177,7.250725073,diamond,#cc78bc,N,N,N,N,,Liu,1267.828948,86.43238911,0.670223097,0.028511788,0.329776903,0.028511788
Riker et al. (2015) ,10.1007/s00410-015-1160-5,Rhyolite,Mount St. Helens,Synthetic,SIMS,SIMS,EHCS,PSB59,885,3,A,1750,10,A,5.74,0.24,A,248,7,A,74.56,0.41,A,14.08,0.17,A,4.9,0.44,A,0.92,0.23,A,1.67,0.07,A,0.25,0.04,A,1.24,0.19,A,0.08,0.13,A,2.22,0.12,A,0.09,0.04,A,,,,3,DNNO,NR,,,,ND,,,ND,F,,,,,100.01,74.55254475,7.119288071,diamond,#cc78bc,N,N,N,N,,Liu,2424.377392,134.2946213,0.851118968,0.01211423,0.148881032,0.01211423
Riker et al. (2015) ,10.1007/s00410-015-1160-5,Rhyolite,Mount St. Helens,Synthetic,SIMS,SIMS,EHCS,PSB60,885,3,A,1750,10,A,4.68,0.16,A,379,16,A,76.04,0.28,A,13.43,0.12,A,4.49,0.24,A,0.64,0.15,A,1.46,0.05,A,0.29,0.03,A,1.12,0.06,A,0.03,0.02,A,2.42,0.07,A,0.08,0.04,A,,,,2.7,DNNO,NR,,,,ND,,,ND,F,,,,,100,76.04,6.91,diamond,#cc78bc,N,N,N,N,,Liu,2095.273167,82.7557704,0.718882257,0.014672998,0.281117743,0.014672998
Tamic et al. (2001),10.1016/S0009-2541(00)00324-7,Rhyolite,"Erevan Dry Fountain, Armenia",Natural,FTIR,FTIR,CSPV,Ech1,800,10,A,2000,50,A,2.93,0.1,A,950,30,A,77.04,0.77,A,12.76,0.13,A,4.07,0.2,A,0.08,0.01,A,0.58,0.06,A,0.11,0.01,A,0.68,0.07,A,0.07,0.01,A,4.79,0.24,A,,,ND,,,,0,NNO,,NR,0.288,0.019,A,0.692,0.029,A,F,1.41,0.08,1.52,0.06,100.18,76.90157716,8.844080655,circle,#cc78bc,Y,N,N,Y,,Liu,2173.690542,65.3899691,0.305356902,0.014377492,0.694643098,0.014377492
Tamic et al. (2001),10.1016/S0009-2541(00)00324-7,Rhyolite,"Erevan Dry Fountain, Armenia",Natural,FTIR,FTIR,CSPV,Ech7,800,10,A,2000,50,A,3.2,0.1,A,840,40,A,77.04,0.77,A,12.76,0.13,A,4.07,0.2,A,0.08,0.01,A,0.58,0.06,A,0.11,0.01,A,0.68,0.07,A,0.07,0.01,A,4.79,0.24,A,,,ND,,,,0,NNO,,NR,0.355,0.018,A,0.625,0.029,A,F,1.44,0.08,1.76,0.06,100.18,76.90157716,8.844080655,circle,#cc78bc,Y,N,N,Y,,Liu,2106.423326,83.21896442,0.364495886,0.016597496,0.635504114,0.016597496
Tamic et al. (2001),10.1016/S0009-2541(00)00324-7,Rhyolite,"Erevan Dry Fountain, Armenia",Natural,FTIR,FTIR,CSPV,Ech6,800,10,A,2000,50,A,3.81,0.120415946,A,660,40,A,77.04,0.77,A,12.76,0.13,A,4.07,0.2,A,0.08,0.01,A,0.58,0.06,A,0.11,0.01,A,0.68,0.07,A,0.07,0.01,A,4.79,0.24,A,,,ND,,,,0,NNO,,NR,0.482,0.015,A,0.498,0.026,A,F,1.52,0.09,2.29,0.08,100.18,76.90157716,8.844080655,circle,#cc78bc,Y,N,N,Y,,Liu,2075.650653,95.09548227,0.491942733,0.019705714,0.508057267,0.019705714
Tamic et al. (2001),10.1016/S0009-2541(00)00324-7,Rhyolite,"Erevan Dry Fountain, Armenia",Natural,KFT,FTIR,CSPV,Ech2,800,10,A,2000,50,A,3.84,0.07,A,710,30,A,77.04,0.77,A,12.76,0.13,A,4.07,0.2,A,0.08,0.01,A,0.58,0.06,A,0.11,0.01,A,0.68,0.07,A,0.07,0.01,A,4.79,0.24,A,,,ND,,,,0,NNO,,NR,0.496,0.016,A,0.484,0.027,A,F,1.54,0.09,2.4,0.08,100.18,76.90157716,8.844080655,circle,#cc78bc,Y,N,N,Y,,Liu,2183.602028,63.95456904,0.478286085,0.012401013,0.521713915,0.012401013
Tamic et al. (2001),10.1016/S0009-2541(00)00324-7,Rhyolite,"Erevan Dry Fountain, Armenia",Natural,KFT,FTIR,CSPV,Ech8,800,10,A,2000,50,A,3.78,0.07,A,630,30,A,77.04,0.77,A,12.76,0.13,A,4.07,0.2,A,0.08,0.01,A,0.58,0.06,A,0.11,0.01,A,0.68,0.07,A,0.07,0.01,A,4.79,0.24,A,,,ND,,,,0,NNO,,NR,0.571,0.017,A,0.409,0.028,A,F,1.54,0.09,2.59,0.09,100.18,76.90157716,8.844080655,circle,#cc78bc,Y,N,N,Y,,Liu,2011.154504,64.17437609,0.497379791,0.013744008,0.502620209,0.013744008
Tamic et al. (2001),10.1016/S0009-2541(00)00324-7,Rhyolite,"Erevan Dry Fountain, Armenia",Natural,KFT,FTIR,CSPV,Ech9,800,10,A,2000,50,A,4.32,0.07,A,470,30,A,77.04,0.77,A,12.76,0.13,A,4.07,0.2,A,0.08,0.01,A,0.58,0.06,A,0.11,0.01,A,0.68,0.07,A,0.07,0.01,A,4.79,0.24,A,,,ND,,,,0,NNO,,NR,0.658,0.015,A,0.322,0.026,A,F,1.61,0.09,3,0.1,100.18,76.90157716,8.844080655,circle,#cc78bc,Y,N,N,Y,,Liu,1985.322272,67.94010583,0.620549207,0.015624646,0.379450793,0.015624646
Tamic et al. (2001),10.1016/S0009-2541(00)00324-7,Rhyolite,"Erevan Dry Fountain, Armenia",Natural,KFT,FTIR,CSPV,Ech10,800,10,A,2000,50,A,5.01,0.07,A,290,20,A,77.04,0.77,A,12.76,0.13,A,4.07,0.2,A,0.08,0.01,A,0.58,0.06,A,0.11,0.01,A,0.68,0.07,A,0.07,0.01,A,4.79,0.24,A,,,ND,,,,0,NNO,,NR,0.768,0.015,A,0.212,0.026,A,F,1.62,0.09,3.4,0.11,100.18,76.90157716,8.844080655,circle,#cc78bc,Y,N,N,Y,,Liu,2014.366666,56.10082836,0.770302076,0.012920144,0.229697924,0.012920144
Tamic et al. (2001),10.1016/S0009-2541(00)00324-7,Rhyolite,"Erevan Dry Fountain, Armenia",Natural,KFT,ND,CSPV,Ech3,800,10,A,2000,50,A,6.12,0.07,A,0,0,A,77.04,0.77,A,12.76,0.13,A,4.07,0.2,A,0.08,0.01,A,0.58,0.06,A,0.11,0.01,A,0.68,0.07,A,0.07,0.01,A,4.79,0.24,A,,,ND,,,,0,NNO,,NR,1,0.01,A,0,0.022,A,F,1.6,0.09,4.31,0.14,100.18,76.90157716,8.844080655,circle,#cc78bc,Y,N,N,Y,,Liu,2083.405959,44.25874674,1,6.38E-16,0,0
Tamic et al. (2001),10.1016/S0009-2541(00)00324-7,Rhyolite,"Erevan Dry Fountain, Armenia",Natural,KFT,ND,CSPV,Ech4,800,10,A,2000,50,A,6.1,0.07,A,0,0,A,77.04,0.77,A,12.76,0.13,A,4.07,0.2,A,0.08,0.01,A,0.58,0.06,A,0.11,0.01,A,0.68,0.07,A,0.07,0.01,A,4.79,0.24,A,,,ND,,,,0,NNO,,NR,1,0.2,A,0,,NR,F,1.66,0.09,4.31,0.14,100.18,76.90157716,8.844080655,circle,#cc78bc,Y,N,N,Y,,Liu,2073.364924,44.90552196,1,6.70E-16,0,0
Tamic et al. (2001),10.1016/S0009-2541(00)00324-7,Rhyolite,"Erevan Dry Fountain, Armenia",Natural,FTIR,FTIR,IHPV,Ech66,1100,10,A,2000,50,A,0.54,0.036055513,A,1050,140,A,77.04,0.77,A,12.76,0.13,A,4.07,0.2,A,0.08,0.01,A,0.58,0.06,A,0.11,0.01,A,0.68,0.07,A,0.07,0.01,A,4.79,0.24,A,,,ND,,,,,,,,0.021,0.035,A,0.959,0.043,A,F,0.49,0.03,0.05,0.02,100.18,76.90157716,8.844080655,circle,#cc78bc,Y,N,N,Y,,Liu,2205.316203,272.8012189,0.022429925,0.003736332,0.977570075,0.003736332
Tamic et al. (2001),10.1016/S0009-2541(00)00324-7,Rhyolite,"Erevan Dry Fountain, Armenia",Natural,FTIR,FTIR,IHPV,Ech65,1100,10,A,2000,50,A,1.41,0.053851648,A,1060,90,A,77.04,0.77,A,12.76,0.13,A,4.07,0.2,A,0.08,0.01,A,0.58,0.06,A,0.11,0.01,A,0.68,0.07,A,0.07,0.01,A,4.79,0.24,A,,,ND,,,,,,,,0.102,0.032,A,0.878,0.04,A,T,0.99,0.05,0.42,0.02,100.18,76.90157716,8.844080655,circle,#cc78bc,Y,N,N,Y,,Liu,2224.744785,161.8404347,0.128321795,0.010967256,0.871678205,0.010967256
Tamic et al. (2001),10.1016/S0009-2541(00)00324-7,Rhyolite,"Erevan Dry Fountain, Armenia",Natural,FTIR,FTIR,IHPV,Ech64,1100,10,A,2000,50,A,2.05,0.076157731,A,1000,70,A,77.04,0.77,A,12.76,0.13,A,4.07,0.2,A,0.08,0.01,A,0.58,0.06,A,0.11,0.01,A,0.68,0.07,A,0.07,0.01,A,4.79,0.24,A,,,ND,,,,,,,,0.206,0.03,A,0.774,0.039,A,T,1.21,0.07,0.84,0.03,100.18,76.90157716,8.844080655,circle,#cc78bc,Y,N,N,Y,,Liu,2266.652914,126.1850452,0.235958631,0.0157307,0.764041369,0.0157307
Tamic et al. (2001),10.1016/S0009-2541(00)00324-7,Rhyolite,"Erevan Dry Fountain, Armenia",Natural,FTIR,FTIR,IHPV,Ech63,1100,10,A,2000,50,A,2.46,0.080622577,A,890,30,A,77.04,0.77,A,12.76,0.13,A,4.07,0.2,A,0.08,0.01,A,0.58,0.06,A,0.11,0.01,A,0.68,0.07,A,0.07,0.01,A,4.79,0.24,A,,,ND,,,,,,,,0.31,0.027,A,0.67,0.036,A,F,1.32,0.07,1.14,0.04,100.18,76.90157716,8.844080655,circle,#cc78bc,Y,N,N,Y,,Liu,2201.72687,62.24104916,0.318616298,0.014365509,0.681383702,0.014365509
Tamic et al. (2001),10.1016/S0009-2541(00)00324-7,Rhyolite,"Erevan Dry Fountain, Armenia",Natural,FTIR,FTIR,IHPV,Ech62,1100,10,A,2000,50,A,2.85,0.1,A,810,40,A,77.04,0.77,A,12.76,0.13,A,4.07,0.2,A,0.08,0.01,A,0.58,0.06,A,0.11,0.01,A,0.68,0.07,A,0.07,0.01,A,4.79,0.24,A,,,ND,,,,,,,,0.41,0.024,A,0.57,0.034,A,T,1.39,0.08,1.46,0.06,100.18,76.90157716,8.844080655,circle,#cc78bc,Y,N,N,Y,,Liu,2204.472979,80.80529836,0.397967734,0.017876251,0.602032266,0.017876251
Tamic et al. (2001),10.1016/S0009-2541(00)00324-7,Rhyolite,"Erevan Dry Fountain, Armenia",Natural,FTIR,FTIR,IHPV,Ech17,1100,10,A,2000,50,A,3.53,0.114017543,A,670,30,A,77.04,0.77,A,12.76,0.13,A,4.07,0.2,A,0.08,0.01,A,0.58,0.06,A,0.11,0.01,A,0.68,0.07,A,0.07,0.01,A,4.79,0.24,A,,,ND,,,,,,,,0.52,0.014,A,0.46,0.026,A,F,1.53,0.09,2,0.07,100.18,76.90157716,8.844080655,circle,#cc78bc,Y,N,N,Y,,Liu,2228.51572,71.89613114,0.532309197,0.017958948,0.467690803,0.017958948
Tamic et al. (2001),10.1016/S0009-2541(00)00324-7,Rhyolite,"Erevan Dry Fountain, Armenia",Natural,KFT,FTIR,IHPV,Ech18,1100,10,A,2000,50,A,3.74,0.07,A,630,30,A,77.04,0.77,A,12.76,0.13,A,4.07,0.2,A,0.08,0.01,A,0.58,0.06,A,0.11,0.01,A,0.68,0.07,A,0.07,0.01,A,4.79,0.24,A,,,ND,,,,,,,,0.613,0.013,A,0.367,0.024,A,F,1.56,0.09,2.31,0.08,100.18,76.90157716,8.844080655,circle,#cc78bc,Y,N,N,Y,,Liu,2249.255674,60.22544889,0.572183433,0.012764508,0.427816567,0.012764508
Tamic et al. (2001),10.1016/S0009-2541(00)00324-7,Rhyolite,"Erevan Dry Fountain, Armenia",Natural,KFT,FTIR,IHPV,Ech19,1100,10,A,2000,50,A,4.14,0.07,A,470,20,A,77.04,0.77,A,12.76,0.13,A,4.07,0.2,A,0.08,0.01,A,0.58,0.06,A,0.11,0.01,A,0.68,0.07,A,0.07,0.01,A,4.79,0.24,A,,,ND,,,,,,,,0.706,0.011,A,0.274,0.023,A,F,1.64,0.09,2.73,0.09,100.18,76.90157716,8.844080655,circle,#cc78bc,Y,N,N,Y,,Liu,2144.688078,45.38123471,0.676074135,0.011135534,0.323925865,0.011135534
Tamic et al. (2001),10.1016/S0009-2541(00)00324-7,Rhyolite,"Erevan Dry Fountain, Armenia",Natural,FTIR,FTIR,IHPV,Ech20,1100,10,A,2000,50,A,4.67,0.13453624,A,400,20,A,77.04,0.77,A,12.76,0.13,A,4.07,0.2,A,0.08,0.01,A,0.58,0.06,A,0.11,0.01,A,0.68,0.07,A,0.07,0.01,A,4.79,0.24,A,,,ND,,,,,,,,0.779,0.011,A,0.201,0.023,A,T,1.67,0.09,3,0.1,100.18,76.90157716,8.844080655,circle,#cc78bc,Y,N,N,Y,,Liu,2269.65407,70.87075598,0.752316679,0.013232157,0.247683321,0.013232157
Tamic et al. (2001),10.1016/S0009-2541(00)00324-7,Rhyolite,"Erevan Dry Fountain, Armenia",Natural,FTIR,ND,IHPV,Ech21,1100,10,A,2000,50,A,5.58,0.158113883,A,0,0,A,77.04,0.77,A,12.76,0.13,A,4.07,0.2,A,0.08,0.01,A,0.58,0.06,A,0.11,0.01,A,0.68,0.07,A,0.07,0.01,A,4.79,0.24,A,,,ND,,,,,,,,1,0.021,A,0,,NR,T,1.73,0.09,3.85,0.13,100.18,76.90157716,8.844080655,circle,#cc78bc,Y,N,N,Y,,Liu,2072.219596,82.44831201,1,6.07E-16,0,0
Tamic et al. (2001),10.1016/S0009-2541(00)00324-7,Rhyolite,"Erevan Dry Fountain, Armenia",Natural,KFT,FTIR,CSPV,Ech37,800,10,A,5000,50,A,5.02,0.07,A,2030,70,A,77.04,0.77,A,12.76,0.13,A,4.07,0.2,A,0.08,0.01,A,0.58,0.06,A,0.11,0.01,A,0.68,0.07,A,0.07,0.01,A,4.79,0.24,A,,,ND,,,,0,NNO,,NR,0.408,0.014,A,0.572,0.026,A,F,1.64,0.09,3.54,0.12,100.18,76.90157716,8.844080655,circle,#cc78bc,Y,N,N,Y,,Liu,5344.925941,142.614044,0.431062163,0.00847727,0.568937837,0.00847727
Tamic et al. (2001),10.1016/S0009-2541(00)00324-7,Rhyolite,"Erevan Dry Fountain, Armenia",Natural,KFT,FTIR,CSPV,Ech38,800,10,A,5000,50,A,5.21,0.07,A,2090,80,A,77.04,0.77,A,12.76,0.13,A,4.07,0.2,A,0.08,0.01,A,0.58,0.06,A,0.11,0.01,A,0.68,0.07,A,0.07,0.01,A,4.79,0.24,A,,,ND,,,,0,NNO,,NR,0.433,0.014,A,0.547,0.026,A,F,1.64,0.09,3.68,0.12,100.18,76.90157716,8.844080655,circle,#cc78bc,Y,N,N,Y,,Liu,5551.930953,157.1083647,0.449199813,0.008553413,0.550800187,0.008553413
Tamic et al. (2001),10.1016/S0009-2541(00)00324-7,Rhyolite,"Erevan Dry Fountain, Armenia",Natural,KFT,FTIR,CSPV,Ech39,800,10,A,5000,50,A,6.47,0.07,A,1660,100,A,77.04,0.77,A,12.76,0.13,A,4.07,0.2,A,0.08,0.01,A,0.58,0.06,A,0.11,0.01,A,0.68,0.07,A,0.07,0.01,A,4.79,0.24,A,,,ND,,,,0,NNO,,NR,0.626,0.014,A,0.354,0.025,A,F,1.65,0.09,4.84,0.16,100.18,76.90157716,8.844080655,circle,#cc78bc,Y,N,N,Y,,Liu,5393.220338,166.1315205,0.601466239,0.009262617,0.398533761,0.009262617
Tamic et al. (2001),10.1016/S0009-2541(00)00324-7,Rhyolite,"Erevan Dry Fountain, Armenia",Natural,KFT,ND,CSPV,EDF (1),800,10,A,5000,50,A,9.84,0.015,A,0,0,A,77.04,0.77,A,12.76,0.13,A,4.07,0.2,A,0.08,0.01,A,0.58,0.06,A,0.11,0.01,A,0.68,0.07,A,0.07,0.01,A,4.79,0.24,A,,,ND,,,,0,NNO,,NR,1,,NR,0,,NR,F,,,,,100.18,76.90157716,8.844080655,circle,#cc78bc,Y,N,N,Y,,Liu,4918.963132,35.75600375,1,3.09E-16,0,0
Tamic et al. (2001),10.1016/S0009-2541(00)00324-7,Rhyolite,"Erevan Dry Fountain, Armenia",Natural,FTIR,FTIR,IHPV,Ech75,1100,10,A,5000,50,A,0.5,0.031622777,A,2750,290,A,77.04,0.77,A,12.76,0.13,A,4.07,0.2,A,0.08,0.01,A,0.58,0.06,A,0.11,0.01,A,0.68,0.07,A,0.07,0.01,A,4.79,0.24,A,,,ND,,,,,,,,0.017,0.026,A,0.963,0.035,A,F,0.45,0.03,0.05,0.01,100.18,76.90157716,8.844080655,circle,#cc78bc,Y,N,N,Y,,Liu,5603.043797,544.8360728,0.011543224,0.001468071,0.988456776,0.001468071
Tamic et al. (2001),10.1016/S0009-2541(00)00324-7,Rhyolite,"Erevan Dry Fountain, Armenia",Natural,FTIR,FTIR,IHPV,Ech74,1100,10,A,5000,50,A,1.14,0.053851648,A,2720,150,A,77.04,0.77,A,12.76,0.13,A,4.07,0.2,A,0.08,0.01,A,0.58,0.06,A,0.11,0.01,A,0.68,0.07,A,0.07,0.01,A,4.79,0.24,A,,,ND,,,,,,,,0.084,0.024,A,0.896,0.034,A,T,0.86,0.05,0.28,0.02,100.18,76.90157716,8.844080655,circle,#cc78bc,Y,N,N,Y,,Liu,5254.407863,270.8830103,0.056480038,0.004828024,0.943519962,0.004828024
Tamic et al. (2001),10.1016/S0009-2541(00)00324-7,Rhyolite,"Erevan Dry Fountain, Armenia",Natural,FTIR,FTIR,IHPV,Ech73,1100,10,A,5000,50,A,1.35,0.053851648,A,2820,220,A,77.04,0.77,A,12.76,0.13,A,4.07,0.2,A,0.08,0.01,A,0.58,0.06,A,0.11,0.01,A,0.68,0.07,A,0.07,0.01,A,4.79,0.24,A,,,ND,,,,,,,,0.107,0.024,A,0.873,0.034,A,F,0.95,0.05,0.4,0.02,100.18,76.90157716,8.844080655,circle,#cc78bc,Y,N,N,Y,,Liu,5422.723528,396.4323542,0.076073778,0.005483945,0.923926222,0.005483945
Tamic et al. (2001),10.1016/S0009-2541(00)00324-7,Rhyolite,"Erevan Dry Fountain, Armenia",Natural,FTIR,FTIR,IHPV,Ech72,1100,10,A,5000,50,A,1.82,0.067082039,A,2530,100,A,77.04,0.77,A,12.76,0.13,A,4.07,0.2,A,0.08,0.01,A,0.58,0.06,A,0.11,0.01,A,0.68,0.07,A,0.07,0.01,A,4.79,0.24,A,,,ND,,,,,,,,0.114,0.024,A,0.866,0.034,A,T,1.13,0.06,0.69,0.03,100.18,76.90157716,8.844080655,circle,#cc78bc,Y,N,N,Y,,Liu,4950.366875,175.8344228,0.127876746,0.008067067,0.872123254,0.008067067
Tamic et al. (2001),10.1016/S0009-2541(00)00324-7,Rhyolite,"Erevan Dry Fountain, Armenia",Natural,FTIR,FTIR,IHPV,Ech59,1100,10,A,5000,50,A,2.45,0.080622577,A,2670,100,A,77.04,0.77,A,12.76,0.13,A,4.07,0.2,A,0.08,0.01,A,0.58,0.06,A,0.11,0.01,A,0.68,0.07,A,0.07,0.01,A,4.79,0.24,A,,,ND,,,,,,,,0.12,0.03,A,0.86,0.039,A,F,1.32,0.07,1.13,0.04,100.18,76.90157716,8.844080655,circle,#cc78bc,Y,N,N,Y,,Liu,5293.111481,165.3454628,0.197866785,0.009619534,0.802133215,0.009619534
Tamic et al. (2001),10.1016/S0009-2541(00)00324-7,Rhyolite,"Erevan Dry Fountain, Armenia",Natural,FTIR,FTIR,IHPV,Ech71,1100,10,A,5000,50,A,2.18,0.076157731,A,2660,130,A,77.04,0.77,A,12.76,0.13,A,4.07,0.2,A,0.08,0.01,A,0.58,0.06,A,0.11,0.01,A,0.68,0.07,A,0.07,0.01,A,4.79,0.24,A,,,ND,,,,,,,,0.122,0.024,A,0.858,0.034,A,F,1.24,0.07,0.94,0.03,100.18,76.90157716,8.844080655,circle,#cc78bc,Y,N,N,Y,,Liu,5246.569113,233.3379426,0.167596747,0.009178181,0.832403253,0.009178181
Tamic et al. (2001),10.1016/S0009-2541(00)00324-7,Rhyolite,"Erevan Dry Fountain, Armenia",Natural,FTIR,FTIR,IHPV,Ech58,1100,10,A,5000,50,A,3.29,0.1,A,2570,130,A,77.04,0.77,A,12.76,0.13,A,4.07,0.2,A,0.08,0.01,A,0.58,0.06,A,0.11,0.01,A,0.68,0.07,A,0.07,0.01,A,4.79,0.24,A,,,ND,,,,,,,,0.245,0.028,A,0.735,0.037,A,F,1.46,0.08,1.83,0.06,100.18,76.90157716,8.844080655,circle,#cc78bc,Y,N,N,Y,,Liu,5290.569838,199.7813578,0.295887053,0.011577586,0.704112947,0.011577586
Tamic et al. (2001),10.1016/S0009-2541(00)00324-7,Rhyolite,"Erevan Dry Fountain, Armenia",Natural,FTIR,FTIR,IHPV,Ech57,1100,10,A,5000,50,A,3.91,0.113137085,A,2510,250,A,77.04,0.77,A,12.76,0.13,A,4.07,0.2,A,0.08,0.01,A,0.58,0.06,A,0.11,0.01,A,0.68,0.07,A,0.07,0.01,A,4.79,0.24,A,,,ND,,,,,,,,0.374,0.025,A,0.606,0.035,A,F,1.52,0.08,2.39,0.08,100.18,76.90157716,8.844080655,circle,#cc78bc,Y,N,N,Y,,Liu,5281.476556,340.6953139,0.364752272,0.015531081,0.635247728,0.015531081
Tamic et al. (2001),10.1016/S0009-2541(00)00324-7,Rhyolite,"Erevan Dry Fountain, Armenia",Natural,KFT,FTIR,IHPV,Ech11,1100,10,A,5000,50,A,4.83,0.11,A,2330,150,A,77.04,0.77,A,12.76,0.13,A,4.07,0.2,A,0.08,0.01,A,0.58,0.06,A,0.11,0.01,A,0.68,0.07,A,0.07,0.01,A,4.79,0.24,A,,,ND,,,,,,,,0.471,0.017,A,0.509,0.028,A,F,,,,,100.18,76.90157716,8.844080655,circle,#cc78bc,Y,N,N,Y,,Liu,5186.121169,192.5667066,0.464652219,0.013439292,0.535347781,0.013439292
Tamic et al. (2001),10.1016/S0009-2541(00)00324-7,Rhyolite,"Erevan Dry Fountain, Armenia",Natural,FTIR,FTIR,IHPV,Ech22,1100,10,A,5000,50,A,5.09,0.15,A,2320,180,A,77.04,0.77,A,12.76,0.13,A,4.07,0.2,A,0.08,0.01,A,0.58,0.06,A,0.11,0.01,A,0.68,0.07,A,0.07,0.01,A,4.79,0.24,A,,,ND,,,,,,,,0.48,0.014,A,0.5,0.026,A,F,1.6,0.09,3.49,0.12,100.18,76.90157716,8.844080655,circle,#cc78bc,Y,N,N,Y,,Liu,5240.695044,236.1556002,0.489331356,0.017427011,0.510668644,0.017427011
Tamic et al. (2001),10.1016/S0009-2541(00)00324-7,Rhyolite,"Erevan Dry Fountain, Armenia",Natural,FTIR,FTIR,IHPV,Ech56,1100,10,A,5000,50,A,5.21,0.15,A,2200,80,A,77.04,0.77,A,12.76,0.13,A,4.07,0.2,A,0.08,0.01,A,0.58,0.06,A,0.11,0.01,A,0.68,0.07,A,0.07,0.01,A,4.79,0.24,A,,,ND,,,,,,,,0.558,0.021,A,0.422,0.031,A,F,1.62,0.09,3.59,0.12,100.18,76.90157716,8.844080655,circle,#cc78bc,Y,N,N,Y,,Liu,5119.99895,106.3608574,0.50719276,0.014976591,0.49280724,0.014976591
Tamic et al. (2001),10.1016/S0009-2541(00)00324-7,Rhyolite,"Erevan Dry Fountain, Armenia",Natural,FTIR,FTIR,IHPV,Ech61,1100,10,A,5000,50,A,6.53,0.183575598,A,1770,90,A,77.04,0.77,A,12.76,0.13,A,4.07,0.2,A,0.08,0.01,A,0.58,0.06,A,0.11,0.01,A,0.68,0.07,A,0.07,0.01,A,4.79,0.24,A,,,ND,,,,,,,,0.672,0.016,A,0.308,0.027,A,F,1.65,0.09,4.88,0.16,100.18,76.90157716,8.844080655,circle,#cc78bc,Y,N,N,Y,,Liu,4940.253229,119.2285072,0.646567619,0.016022306,0.353432381,0.016022306
Tamic et al. (2001),10.1016/S0009-2541(00)00324-7,Rhyolite,"Erevan Dry Fountain, Armenia",Natural,FTIR,FTIR,IHPV,Ech24,1100,10,A,5000,50,A,6.7,0.192353841,A,1920,130,A,77.04,0.77,A,12.76,0.13,A,4.07,0.2,A,0.08,0.01,A,0.58,0.06,A,0.11,0.01,A,0.68,0.07,A,0.07,0.01,A,4.79,0.24,A,,,ND,,,,,,,,0.682,0.012,A,0.298,0.024,A,T,1.67,0.09,5.03,0.17,100.18,76.90157716,8.844080655,circle,#cc78bc,Y,N,N,Y,,Liu,5157.256572,158.4138753,0.646281265,0.017687246,0.353718735,0.017687246
Tamic et al. (2001),10.1016/S0009-2541(00)00324-7,Rhyolite,"Erevan Dry Fountain, Armenia",Natural,KFT,FTIR,IHPV,Ech41,1100,10,A,5000,50,A,7.25,0.07,A,1670,190,A,77.04,0.77,A,12.76,0.13,A,4.07,0.2,A,0.08,0.01,A,0.58,0.06,A,0.11,0.01,A,0.68,0.07,A,0.07,0.01,A,4.79,0.24,A,,,ND,,,,,,,,0.734,0.011,A,0.246,0.023,A,F,1.66,0.09,5.38,0.18,100.18,76.90157716,8.844080655,circle,#cc78bc,Y,N,N,Y,,Liu,5052.990733,204.7403517,0.705035615,0.016364675,0.294964385,0.016364675
Tamic et al. (2001),10.1016/S0009-2541(00)00324-7,Rhyolite,"Erevan Dry Fountain, Armenia",Natural,KFT,FTIR,IHPV,Ech36,1100,10,A,5000,50,A,8.96,0.07,A,940,70,A,77.04,0.77,A,12.76,0.13,A,4.07,0.2,A,0.08,0.01,A,0.58,0.06,A,0.11,0.01,A,0.68,0.07,A,0.07,0.01,A,4.79,0.24,A,,,ND,,,,,,,,0.837,0.009,A,0.143,0.022,A,F,1.6,0.09,6.59,0.22,100.18,76.90157716,8.844080655,circle,#cc78bc,Y,N,N,Y,,Liu,4977.98026,81.41347201,0.85821232,0.008084643,0.14178768,0.008084643
Tamic et al. (2001),10.1016/S0009-2541(00)00324-7,Rhyolite,"Erevan Dry Fountain, Armenia",Natural,KFT,ND,IHPV,Ech49,1100,10,A,5000,50,A,11.04,0.06,A,0,0,A,77.04,0.77,A,12.76,0.13,A,4.07,0.2,A,0.08,0.01,A,0.58,0.06,A,0.11,0.01,A,0.68,0.07,A,0.07,0.01,A,4.79,0.24,A,,,ND,,,,,,,,1,,NR,0,,NR,F,1.86,0.12,8.73,0.31,100.18,76.90157716,8.844080655,circle,#cc78bc,Y,N,N,Y,,Liu,5141.66579,37.34184086,1,1.18E-15,0,0
Behrens et al. (2004) Am Min,10.2138/am-2004-2-307,Rhyolite,"Erevan Dry Fountain, Armenia",Natural,FTIR,Coulometric CO2 titration,IHPV,sdt1,1100,10,A,2000,50,A,4.45,0.23,A,870,101,A,76.78,0.32,A,12.77,0.13,A,4.08,0.07,A,0.07,0.01,A,0.56,0.02,A,0.1,0.02,A,0.52,0.03,A,0.09,0.01,A,4.55,0.07,A,,,ND,,,,,,,,,,NR,,,NR,T,,,,,99.52,77.15032154,8.671623794,circle,#cc78bc,N,N,N,N,,Liu,2939.060187,190.1620932,0.587320415,0.032893997,0.412679585,0.032893997
Behrens et al. (2004) Am Min,10.2138/am-2004-2-307,Rhyolite,"Erevan Dry Fountain, Armenia",Natural,FTIR,Coulometric CO2 titration,IHPV,sdt3,1100,11,A,5000,50,A,6.87,0.57,A,1602,99,A,76.78,0.32,A,12.77,0.13,A,4.08,0.07,A,0.07,0.01,A,0.56,0.02,A,0.1,0.02,A,0.52,0.03,A,0.09,0.01,A,4.55,0.07,A,,,ND,,,,,,,,,,NR,,,NR,F,,,,,99.52,77.15032154,8.671623794,circle,#cc78bc,N,N,N,N,,Liu,4859.813048,225.8572666,0.682306069,0.039992564,0.317693931,0.039992564
Behrens et al. (2004) Am Min,10.2138/am-2004-2-307,Rhyolite,"Erevan Dry Fountain, Armenia",Natural,FTIR,Coulometric CO2 titration,IHPV,std5,1100,12,A,5000,50,A,0.51,0.05,A,2267,98,A,76.78,0.32,A,12.77,0.13,A,4.08,0.07,A,0.07,0.01,A,0.56,0.02,A,0.1,0.02,A,0.52,0.03,A,0.09,0.01,A,4.55,0.07,A,,,ND,,,,,,,,,,NR,,,NR,T,,,,,99.52,77.15032154,8.671623794,circle,#cc78bc,N,N,N,N,,Liu,4671.372586,194.9287955,0.012747213,0.002399335,0.987252787,0.002399335
Behrens et al. (2004) Am Min,10.2138/am-2004-2-307,Rhyolite,"Erevan Dry Fountain, Armenia",Natural,FTIR,Coulometric CO2 titration,IHPV,std7,1100,13,A,5000,50,A,4.79,0.2,A,2232,132,A,76.78,0.32,A,12.77,0.13,A,4.08,0.07,A,0.07,0.01,A,0.56,0.02,A,0.1,0.02,A,0.52,0.03,A,0.09,0.01,A,4.55,0.07,A,,,ND,,,,,,,,,,NR,,,NR,F,,,,,99.52,77.15032154,8.671623794,circle,#cc78bc,N,N,N,N,,Liu,5058.703502,180.602365,0.464801028,0.020186914,0.535198972,0.020186914
Blank et al. (1993),10.1016/0012-821X(93)90004-S,Rhyolite,"Glass buttes, Oregan USA",Natural,FTIR,FTIR,CSPV,2,850,10,A,750,,A,1.88,0.06,A,389,17,A,77.7,0.01,R,13,0.01,R,4.08,0.01,R,0.05,0.01,R,0.52,0.01,R,0.07,0.01,R,0.38,0.01,R,0.04,0.01,R,4.19,0.01,R,,,ND,,,ND,,,,ND,,,ND,0.68,0.01,A,F,,,,,100.03,77.67669699,8.267519744,square,#cc78bc,Y,N,N,Y,,Liu,926.8438116,32.2506706,0.316137737,0.016082167,0.683862263,0.016082167
Blank et al. (1993),10.1016/0012-821X(93)90004-S,Rhyolite,"Glass buttes, Oregan USA",Natural,FTIR,FTIR,CSPV,3,850,10,A,750,,A,2.24,0.08,A,260,10,A,77.7,0.01,R,13,0.01,R,4.08,0.01,R,0.05,0.01,R,0.52,0.01,R,0.07,0.01,R,0.38,0.01,R,0.04,0.01,R,4.19,0.01,R,,,ND,,,ND,,,,ND,,,ND,0.52,0.02,A,T,,,,,100.03,77.67669699,8.267519744,square,#cc78bc,Y,N,N,Y,,Liu,813.0215703,30.63572735,0.482256802,0.018140136,0.517743198,0.018140136
Blank et al. (1993),10.1016/0012-821X(93)90004-S,Rhyolite,"Glass buttes, Oregan USA",Natural,FTIR,FTIR,CSPV,4,850,10,A,750,,A,3.34,0.08,A,23,6,A,77.7,0.01,R,13,0.01,R,4.08,0.01,R,0.05,0.01,R,0.52,0.01,R,0.07,0.01,R,0.38,0.01,R,0.04,0.01,R,4.19,0.01,R,,,ND,,,ND,,,,ND,,,ND,0.06,0.01,A,F,,,,,100.03,77.67669699,8.267519744,square,#cc78bc,Y,N,N,Y,,Liu,803.1140088,34.76474087,0.953826509,0.011589699,0.046173491,0.011589699
Blank et al. (1993),10.1016/0012-821X(93)90004-S,Rhyolite,"Glass buttes, Oregan USA",Natural,FTIR,FTIR,CSPV,5,850,10,A,750,,A,3.23,0.1,A,80,6,A,77.7,0.01,R,13,0.01,R,4.08,0.01,R,0.05,0.01,R,0.52,0.01,R,0.07,0.01,R,0.38,0.01,R,0.04,0.01,R,4.19,0.01,R,,,ND,,,ND,,,,ND,,,ND,0.16,0.01,A,T,,,,,100.03,77.67669699,8.267519744,square,#cc78bc,Y,N,N,Y,,Liu,858.6588482,39.83113715,0.849539407,0.011487119,0.150460593,0.011487119
Blank et al. (1993),10.1016/0012-821X(93)90004-S,Rhyolite,"Glass buttes, Oregan USA",Natural,FTIR,FTIR,CSPV,7,850,10,A,750,,A,2.28,0.08,A,196,10,A,77.7,0.01,R,13,0.01,R,4.08,0.01,R,0.05,0.01,R,0.52,0.01,R,0.07,0.01,R,0.38,0.01,R,0.04,0.01,R,4.19,0.01,R,,,ND,,,ND,,,,ND,,,ND,0.38,0.02,A,F,,,,,100.03,77.67669699,8.267519744,square,#cc78bc,Y,N,N,Y,,Liu,717.7377964,30.25710069,0.558974674,0.019731464,0.441025326,0.019731464
Blank et al. (1993),10.1016/0012-821X(93)90004-S,Rhyolite,"Glass buttes, Oregan USA",Natural,FTIR,FTIR,CSPV,9,850,10,A,750,,A,0.51,0.06,A,515,16,A,77.7,0.01,R,13,0.01,R,4.08,0.01,R,0.05,0.01,R,0.52,0.01,R,0.07,0.01,R,0.38,0.01,R,0.04,0.01,R,4.19,0.01,R,,,ND,,,ND,,,,ND,,,ND,0.9,0.01,A,F,,,,,100.03,77.67669699,8.267519744,square,#cc78bc,Y,N,N,Y,,Liu,948.8514577,27.66111419,0.027589084,0.006175209,0.972410916,0.006175209
Blank et al. (1993),10.1016/0012-821X(93)90004-S,Rhyolite,"Glass buttes, Oregan USA",Natural,FTIR,FTIR,CSPV,10,850,10,A,750,,A,1.35,0.1,A,406,10,A,77.7,0.01,R,13,0.01,R,4.08,0.01,R,0.05,0.01,R,0.52,0.01,R,0.07,0.01,R,0.38,0.01,R,0.04,0.01,R,4.19,0.01,R,,,ND,,,ND,,,,ND,,,ND,0.71,0.02,A,F,,,,,100.03,77.67669699,8.267519744,square,#cc78bc,Y,N,N,Y,,Liu,833.534953,25.62859976,0.191782955,0.022814828,0.808217045,0.022814828
Mangan & Sisson (2000),10.1016/S0012-821X(00)00299-5,Rhyolite,Panum Crater Dome,Natural,FTIR,FTIR,CSPV,#31,900,7,A,2000,15,A,5.13,0.09,A,49,4,A,75.64,0.01,R,12.38,0.01,R,4.17,0.01,R,0.03,0.01,R,0.54,0.01,R,0.08,0.01,R,0.94,0.01,R,0.07,0.01,R,4.72,0.01,R,0.01,0.01,R,,,,,,,,,,,,,,F,,,,,98.58,76.72955975,9.018056401,triangle-up,#cc78bc,N,N,N,N,,Liu,1738.319907,47.91318096,0.957285993,0.003513959,0.042714007,0.003513959
Mangan & Sisson (2000),10.1016/S0012-821X(00)00299-5,Rhyolite,Panum Crater Dome,Natural,FTIR,FTIR,CSPV,#32,900,7,A,2000,15,A,4.83,0.12,A,18,1,A,75.64,0.01,R,12.38,0.01,R,4.17,0.01,R,0.03,0.01,R,0.54,0.01,R,0.08,0.01,R,0.94,0.01,R,0.07,0.01,R,4.72,0.01,R,0.01,0.01,R,,,,,,,,,,,,,,F,,,,,98.58,76.72955975,9.018056401,triangle-up,#cc78bc,N,N,N,N,,Liu,1532.949202,62.58211164,0.981911058,0.001322883,0.018088942,0.001322883
Mangan & Sisson (2000),10.1016/S0012-821X(00)00299-5,Rhyolite,Panum Crater Dome,Natural,FTIR,FTIR,CSPV,#34,900,7,A,2000,15,A,5.09,0.18,A,62,2,A,75.64,0.01,R,12.38,0.01,R,4.17,0.01,R,0.03,0.01,R,0.54,0.01,R,0.08,0.01,R,0.94,0.01,R,0.07,0.01,R,4.72,0.01,R,0.01,0.01,R,,,,,,,,,,,,,,F,,,,,98.58,76.72955975,9.018056401,triangle-up,#cc78bc,N,N,N,N,,Liu,1744.483402,96.99655127,0.945904152,0.003989258,0.054095848,0.003989258
Mangan & Sisson (2000),10.1016/S0012-821X(00)00299-5,Rhyolite,Panum Crater Dome,Natural,FTIR,FTIR,CSPV,#38,900,7,A,2000,15,A,4.78,0.11,A,23,1,A,75.64,0.01,R,12.38,0.01,R,4.17,0.01,R,0.03,0.01,R,0.54,0.01,R,0.08,0.01,R,0.94,0.01,R,0.07,0.01,R,4.72,0.01,R,0.01,0.01,R,,,,,,,,,,,,,,F,,,,,98.58,76.72955975,9.018056401,triangle-up,#cc78bc,N,N,N,N,,Liu,1510.081484,58.02267679,0.97633677,0.001467593,0.02366323,0.001467593
Mangan & Sisson (2000),10.1016/S0012-821X(00)00299-5,Rhyolite,Panum Crater Dome,Natural,FTIR,FTIR,CSPV,#47,900,7,A,1500,15,A,4.67,0.1,A,5,1,A,75.64,0.01,R,12.38,0.01,R,4.17,0.01,R,0.03,0.01,R,0.54,0.01,R,0.08,0.01,R,0.94,0.01,R,0.07,0.01,R,4.72,0.01,R,0.01,0.01,R,,,,,,,,,,,,,,F,,,,,98.58,76.72955975,9.018056401,triangle-up,#cc78bc,N,N,N,N,,Liu,1416.818466,49.45159016,0.995625168,0.000529661,0.004374832,0.000529661
Mangan & Sisson (2000),10.1016/S0012-821X(00)00299-5,Rhyolite,Panum Crater Dome,Natural,FTIR,FTIR,CSPV,#42,900,7,A,1000,15,A,3.06,0.05,A,0,0,A,75.64,0.01,R,12.38,0.01,R,4.17,0.01,R,0.03,0.01,R,0.54,0.01,R,0.08,0.01,R,0.94,0.01,R,0.07,0.01,R,4.72,0.01,R,0.01,0.01,R,,,,,,,,,,,,,,F,,,,,98.58,76.72955975,9.018056401,triangle-up,#cc78bc,Y,N,N,N,,Liu,693.7499043,20.23589555,1,1.36E-15,0,0
Mangan & Sisson (2000),10.1016/S0012-821X(00)00299-5,Rhyolite,Panum Crater Dome,Natural,FTIR,FTIR,CSPV,#52,900,7,A,750,15,A,2.96,0.08,A,41,6,A,75.64,0.01,R,12.38,0.01,R,4.17,0.01,R,0.03,0.01,R,0.54,0.01,R,0.08,0.01,R,0.94,0.01,R,0.07,0.01,R,4.72,0.01,R,0.01,0.01,R,,,,,,,,,,,,,,F,,,,,98.58,76.72955975,9.018056401,triangle-up,#cc78bc,N,N,N,N,,Liu,725.5581454,32.67734707,0.907990964,0.012475908,0.092009036,0.012475908
Mangan & Sisson (2000),10.1016/S0012-821X(00)00299-5,Rhyolite,Panum Crater Dome,Natural,FTIR,FTIR,CSPV,#46,900,7,A,500,15,A,1.85,0.04,A,30,6,A,75.64,0.01,R,12.38,0.01,R,4.17,0.01,R,0.03,0.01,R,0.54,0.01,R,0.08,0.01,R,0.94,0.01,R,0.07,0.01,R,4.72,0.01,R,0.01,0.01,R,,,,,,,,,,,,,,T,,,,,98.58,76.72955975,9.018056401,triangle-up,#cc78bc,N,N,N,N,,Liu,339.2932138,15.11546418,0.852008598,0.025214712,0.147991402,0.025214712
Mangan & Sisson (2000),10.1016/S0012-821X(00)00299-5,Rhyolite,Panum Crater Dome,Natural,FTIR,FTIR,CSPV,#49,900,7,A,250,15,A,1.53,0.01,A,7,1,A,75.64,0.01,R,12.38,0.01,R,4.17,0.01,R,0.03,0.01,R,0.54,0.01,R,0.08,0.01,R,0.94,0.01,R,0.07,0.01,R,4.72,0.01,R,0.01,0.01,R,,,,,,,,,,,,,,F,,,,,98.58,76.72955975,9.018056401,triangle-up,#cc78bc,N,N,N,N,,Liu,216.1951587,3.601774408,0.945486794,0.007439835,0.054513206,0.007439835
Mangan & Sisson (2000),10.1016/S0012-821X(00)00299-5,Rhyolite,Panum Crater Dome,Natural,FTIR,FTIR,CSPV,#51,900,7,A,2000,15,A,4.01,0.16,A,511,23,A,75.64,0.01,R,12.38,0.01,R,4.17,0.01,R,0.03,0.01,R,0.54,0.01,R,0.08,0.01,R,0.94,0.01,R,0.07,0.01,R,4.72,0.01,R,0.01,0.01,R,,,,,,,,,,,,,,F,,,,,98.58,76.72955975,9.018056401,triangle-up,#cc78bc,N,N,N,N,,Liu,2015.277991,85.6431703,0.598094201,0.020050182,0.401905799,0.020050182
Mangan & Sisson (2000),10.1016/S0012-821X(00)00299-5,Rhyolite,Panum Crater Dome,Natural,FTIR,FTIR,CSPV,#48,900,7,A,2000,15,A,4.1,0.1,A,539,22,A,75.64,0.01,R,12.38,0.01,R,4.17,0.01,R,0.03,0.01,R,0.54,0.01,R,0.08,0.01,R,0.94,0.01,R,0.07,0.01,R,4.72,0.01,R,0.01,0.01,R,,,,,,,,,,,,,,F,,,,,98.58,76.72955975,9.018056401,triangle-up,#cc78bc,N,N,N,N,,Liu,2110.625441,63.66809922,0.597267518,0.014239165,0.402732482,0.014239165
Mangan & Sisson (2000),10.1016/S0012-821X(00)00299-5,Rhyolite,Panum Crater Dome,Natural,FTIR,FTIR,CSPV,#59,900,7,A,1000,15,A,2.86,0.15,A,160,6,A,75.64,0.01,R,12.38,0.01,R,4.17,0.01,R,0.03,0.01,R,0.54,0.01,R,0.08,0.01,R,0.94,0.01,R,0.07,0.01,R,4.72,0.01,R,0.01,0.01,R,,,,,,,,,,,,,,T,,,,,98.58,76.72955975,9.018056401,triangle-up,#cc78bc,N,N,N,N,,Liu,897.9693577,58.03210659,0.708140518,0.020403694,0.291859482,0.020403694
Mangan & Sisson (2000),10.1016/S0012-821X(00)00299-5,Rhyolite,Panum Crater Dome,Natural,FTIR,FTIR,CSPV,#61,900,7,A,750,15,A,2.19,0.05,A,67,4,A,75.64,0.01,R,12.38,0.01,R,4.17,0.01,R,0.03,0.01,R,0.54,0.01,R,0.08,0.01,R,0.94,0.01,R,0.07,0.01,R,4.72,0.01,R,0.01,0.01,R,,,,,,,,,,,,,,F,,,,,98.58,76.72955975,9.018056401,triangle-up,#cc78bc,N,N,N,N,,Liu,503.565504,17.71461828,0.780457054,0.01195895,0.219542946,0.01195895
Mangan & Sisson (2000),10.1016/S0012-821X(00)00299-5,Rhyolite,Panum Crater Dome,Natural,FTIR,FTIR,CSPV,#54,900,7,A,50,15,A,1.85,0.01,A,52,3,A,75.64,0.01,R,12.38,0.01,R,4.17,0.01,R,0.03,0.01,R,0.54,0.01,R,0.08,0.01,R,0.94,0.01,R,0.07,0.01,R,4.72,0.01,R,0.01,0.01,R,,,,,,,,,,,,,,T,,,,,98.58,76.72955975,9.018056401,triangle-up,#cc78bc,N,N,N,N,,Liu,376.6092269,6.766599285,0.77052441,0.010373819,0.22947559,0.010373819
Mangan & Sisson (2000),10.1016/S0012-821X(00)00299-5,Rhyolite,Panum Crater Dome,Natural,FTIR,FTIR,CSPV,#56,900,7,A,25,15,A,1.32,0.12,A,29,1,A,75.64,0.01,R,12.38,0.01,R,4.17,0.01,R,0.03,0.01,R,0.54,0.01,R,0.08,0.01,R,0.94,0.01,R,0.07,0.01,R,4.72,0.01,R,0.01,0.01,R,,,,,,,,,,,,,,F,,,,,98.58,76.72955975,9.018056401,triangle-up,#cc78bc,N,N,N,N,,Liu,207.4567588,25.79887938,0.757206626,0.033023419,0.242793374,0.033023419
Fogel & Rutherford (1990),,Rhyolite,"Valles Caldera, New Mexico",Natural,FTIR,FTIR,TZM,134,950,10,A,1010,50,A,0.1414,0.04,R,597,0.04,R,76.45,0.24,A,12.56,0.13,A,4.21,0.11,A,0.06,0.02,A,0.25,0.06,A,0.08,0.05,A,1.02,0.07,A,0.08,0.07,A,4.78,0.21,A,,,ND,,,,,,,ND,,,ND,,,ND,F,,,,,99.49,76.84189366,9.036084029,cross,#cc78bc,N,N,N,Y,,Liu,1238.710551,51.18497175,0.002066162,0.000177879,0.997933838,0.000177879
Fogel & Rutherford (1990),,Rhyolite,"Valles Caldera, New Mexico",Natural,FTIR,FTIR,TZM,152,950,10,A,1510,50,A,0.1123,0.04,R,950,0.04,R,76.45,0.24,A,12.56,0.13,A,4.21,0.11,A,0.06,0.02,A,0.25,0.06,A,0.08,0.05,A,1.02,0.07,A,0.08,0.07,A,4.78,0.21,A,,,ND,,,,,,,ND,,,ND,,,ND,F,,,,,99.49,76.84189366,9.036084029,cross,#cc78bc,N,N,N,Y,,Liu,1983.410177,83.72031668,0.000870828,7.51E-05,0.999129172,7.51E-05
Fogel & Rutherford (1990),,Rhyolite,"Valles Caldera, New Mexico",Natural,FTIR,FTIR,TZM,130,950,10,A,1993,50,A,0.2608,0.04,R,1433,0.04,R,76.45,0.24,A,12.56,0.13,A,4.21,0.11,A,0.06,0.02,A,0.25,0.06,A,0.08,0.05,A,1.02,0.07,A,0.08,0.07,A,4.78,0.21,A,,,ND,,,,,,,ND,,,ND,,,ND,F,,,,,99.49,76.84189366,9.036084029,cross,#cc78bc,N,N,N,Y,,Liu,2875.066399,115.4567483,0.003426742,0.00029841,0.996573258,0.00029841
Fogel & Rutherford (1990),,Rhyolite,"Valles Caldera, New Mexico",Natural,FTIR,FTIR,TZM,111,1050,10,A,504,50,A,0.113,0.04,R,188,0.04,R,76.45,0.24,A,12.56,0.13,A,4.21,0.11,A,0.06,0.02,A,0.25,0.06,A,0.08,0.05,A,1.02,0.07,A,0.08,0.07,A,4.78,0.21,A,,,ND,,,,,,,ND,,,ND,,,ND,T,,,,,99.49,76.84189366,9.036084029,cross,#cc78bc,N,N,N,Y,,Liu,423.3436771,17.44782009,0.004266049,0.000383878,0.995733951,0.000383878
Fogel & Rutherford (1990),,Rhyolite,"Valles Caldera, New Mexico",Natural,FTIR,FTIR,TZM,123,1050,10,A,1000,50,A,0.1284,0.04,R,491,0.04,R,76.45,0.24,A,12.56,0.13,A,4.21,0.11,A,0.06,0.02,A,0.25,0.06,A,0.08,0.05,A,1.02,0.07,A,0.08,0.07,A,4.78,0.21,A,,,ND,,,,,,,ND,,,ND,,,ND,F,,,,,99.49,76.84189366,9.036084029,cross,#cc78bc,N,N,N,Y,,Liu,1095.178523,44.11606234,0.002246434,0.000204301,0.997753566,0.000204301
Fogel & Rutherford (1990),,Rhyolite,"Valles Caldera, New Mexico",Natural,FTIR,FTIR,TZM,124,1050,10,A,1500,50,A,0.1122,0.04,R,797,0.04,R,76.45,0.24,A,12.56,0.13,A,4.21,0.11,A,0.06,0.02,A,0.25,0.06,A,0.08,0.05,A,1.02,0.07,A,0.08,0.07,A,4.78,0.21,A,,,ND,,,,,,,ND,,,ND,,,ND,F,,,,,99.49,76.84189366,9.036084029,cross,#cc78bc,N,N,N,Y,,Liu,1786.147137,75.92350859,0.001121435,0.000102337,0.998878565,0.000102337
Fogel & Rutherford (1990),,Rhyolite,"Valles Caldera, New Mexico",Natural,FTIR,FTIR,TZM,108,1050,10,A,2025,50,A,0.1349,0.04,R,1221,0.04,R,76.45,0.24,A,12.56,0.13,A,4.21,0.11,A,0.06,0.02,A,0.25,0.06,A,0.08,0.05,A,1.02,0.07,A,0.08,0.07,A,4.78,0.21,A,,,ND,,,,,,,ND,,,ND,,,ND,T,,,,,99.49,76.84189366,9.036084029,cross,#cc78bc,N,N,N,Y,,Liu,2719.520704,109.9779155,0.001156288,0.000104007,0.998843712,0.000104007
Fogel & Rutherford (1990),,Rhyolite,"Valles Caldera, New Mexico",Natural,FTIR,FTIR,TZM,142,1050,10,A,2040,50,A,0.0707,0.04,R,1170,0.04,R,76.45,0.24,A,12.56,0.13,A,4.21,0.11,A,0.06,0.02,A,0.25,0.06,A,0.08,0.05,A,1.02,0.07,A,0.08,0.07,A,4.78,0.21,A,,,ND,,,,,,,ND,,,ND,,,ND,F,,,,,99.49,76.84189366,9.036084029,cross,#cc78bc,N,N,N,Y,,Liu,2654.466188,112.9639198,0.000325145,2.90E-05,0.999674855,2.90E-05
Fogel & Rutherford (1990),,Rhyolite,"Valles Caldera, New Mexico",Natural,FTIR,FTIR,TZM,128,1050,10,A,2490,50,A,0.1845,0.04,R,1547,0.04,R,76.45,0.24,A,12.56,0.13,A,4.21,0.11,A,0.06,0.02,A,0.25,0.06,A,0.08,0.05,A,1.02,0.07,A,0.08,0.07,A,4.78,0.21,A,,,ND,,,,,,,ND,,,ND,,,ND,F,,,,,99.49,76.84189366,9.036084029,cross,#cc78bc,N,N,N,Y,,Liu,3379.945893,134.3070618,0.001842741,0.000161703,0.998157259,0.000161703
Fogel & Rutherford (1990),,Rhyolite,"Valles Caldera, New Mexico",Natural,FTIR,FTIR,IHPV,139,1050,5,A,3529,50,A,0.2231,0.04,R,2015,0.04,R,76.45,0.24,A,12.56,0.13,A,4.21,0.11,A,0.06,0.02,A,0.25,0.06,A,0.08,0.05,A,1.02,0.07,A,0.08,0.07,A,4.78,0.21,A,,,ND,,,,,,,ND,,,ND,,,ND,F,,,,,99.49,76.84189366,9.036084029,cross,#cc78bc,N,N,N,Y,,Liu,4345.787818,165.5114283,0.002319218,0.000197978,0.997680782,0.000197978
Fogel & Rutherford (1990),,Rhyolite,"Valles Caldera, New Mexico",Natural,FTIR,FTIR,IHPV,153,1050,5,A,4324,50,A,0.1877,0.04,R,2607,0.04,R,76.45,0.24,A,12.56,0.13,A,4.21,0.11,A,0.06,0.02,A,0.25,0.06,A,0.08,0.05,A,1.02,0.07,A,0.08,0.07,A,4.78,0.21,A,,,ND,,,,,,,ND,,,ND,,,ND,F,,,,,99.49,76.84189366,9.036084029,cross,#cc78bc,N,N,N,Y,,Liu,5646.361009,227.0373894,0.001458274,0.000123381,0.998541726,0.000123381
Fogel & Rutherford (1990),,Rhyolite,"Valles Caldera, New Mexico",Natural,FTIR,FTIR,IHPV,153C,1050,5,A,4324,50,A,0.1829,0.04,R,2867,0.04,R,76.45,0.24,A,12.56,0.13,A,4.21,0.11,A,0.06,0.02,A,0.25,0.06,A,0.08,0.05,A,1.02,0.07,A,0.08,0.07,A,4.78,0.21,A,,,ND,,,,,,,ND,,,ND,,,ND,F,,,,,99.49,76.84189366,9.036084029,cross,#cc78bc,N,N,N,Y,,Liu,6201.044918,246.3152761,0.001354855,0.00011988,0.998645145,0.00011988
Fogel & Rutherford (1990),,Rhyolite,"Valles Caldera, New Mexico",Natural,FTIR,FTIR,TZM,164,1050,10,A,1000,50,A,0.0587,0.04,R,599,0.04,R,76.45,0.24,A,12.56,0.13,A,4.21,0.11,A,0.06,0.02,A,0.25,0.06,A,0.08,0.05,A,1.02,0.07,A,0.08,0.07,A,4.78,0.21,A,,,ND,,,,,,,ND,,,ND,,,ND,F,,,,,99.49,76.84189366,9.036084029,cross,#cc78bc,N,N,N,Y,,Liu,1369.267763,55.12487611,0.000390299,3.38E-05,0.999609701,3.38E-05
Fogel & Rutherford (1990),,Rhyolite,"Valles Caldera, New Mexico",Natural,FTIR,FTIR,IHPV,136,1150,5,A,2029,50,A,0.0669,0.04,R,1125,0.04,R,76.45,0.24,A,12.56,0.13,A,4.21,0.11,A,0.06,0.02,A,0.25,0.06,A,0.08,0.05,A,1.02,0.07,A,0.08,0.07,A,4.78,0.21,A,,,ND,,,,,,,ND,,,ND,,,ND,T,,,,,99.49,76.84189366,9.036084029,cross,#cc78bc,N,N,N,Y,,Liu,2739.557231,107.3552925,0.00033622,2.78E-05,0.99966378,2.78E-05
Fogel & Rutherford (1990),,Rhyolite,"Valles Caldera, New Mexico",Natural,FTIR,FTIR,IHPV,149,1150,5,A,3487,50,A,0.1069,0.04,R,1790,0.04,R,76.45,0.24,A,12.56,0.13,A,4.21,0.11,A,0.06,0.02,A,0.25,0.06,A,0.08,0.05,A,1.02,0.07,A,0.08,0.07,A,4.78,0.21,A,,,ND,,,,,,,ND,,,ND,,,ND,F,,,,,99.49,76.84189366,9.036084029,cross,#cc78bc,N,N,N,Y,,Liu,4276.27549,171.2025512,0.000647783,5.38E-05,0.999352217,5.38E-05
Fogel & Rutherford (1990),,Rhyolite,"Valles Caldera, New Mexico",Natural,FTIR,FTIR,IHPV,131,1150,5,A,4500,50,A,0.1019,0.04,R,2337,0.04,R,76.45,0.24,A,12.56,0.13,A,4.21,0.11,A,0.06,0.02,A,0.25,0.06,A,0.08,0.05,A,1.02,0.07,A,0.08,0.07,A,4.78,0.21,A,,,ND,,,,,,,ND,,,ND,,,ND,T,,,,,99.49,76.84189366,9.036084029,cross,#cc78bc,N,N,N,Y,,Liu,5567.57571,219.4929071,0.000524305,4.32E-05,0.999475695,4.32E-05
