Reference,doi,Composition,Location,Material,H2O technique,CO2 technique,Experimental apparatus,Sample,T_C,T_C sd,T_C sd type,P_bar,P_bar sd,P_bar sd type,H2O_wt%,H2O_wt% sd,H2O_wt% sd type,CO2_ppm,CO2_ppm sd,CO2_ppm sd type,SiO2_wt%,SiO2_wt% sd,SiO2_wt% sd type,Al2O3_wt%,Al2O3_wt% sd,Al2O3_wt% sd type,Na2O_wt%,Na2O_wt% sd,Na2O_wt% sd type,MgO_wt%,MgO_wt% sd,MgO_wt% sd type,CaO_wt%,CaO_wt% sd,CaO_wt% sd type,TiO2_wt%,TiO2_wt% sd,TiO2_wt% sd type,FeOT_wt%,FeOT_wt% sd,FeOT_wt% sd type,MnO_wt%,MnO_wt% sd,MnO_wt% sd type,K2O_wt%,K2O_wt% sd,K2O_wt% sd type,P2O5_wt%,P2O5_wt% sd,P2O5_wt% sd type,Fe3_FeT,Fe3_FeT sd,Fe3_FeT sd type,fO2,fO2 unit,fO2 sd,fO2 sd type,XH2Of,XH2Of sd,XH2Of sd type,XCO2f,XCO2f sd,XCO2f sd type,Fit_or_test,volatile-free analytical total,SiO2_n,TA_n,Symbol,Colour,calib_MagmaSat,calib_ShishkinaIdealMixing,calib_IaconoMarziano,calib_Liu,calib_Dixon,model option,P_bar model,P_bar sd model,xgH2O model,xgH2O sd model,xgCO2 model,xgCO2 sd model
Shishkina et al. (2010) Chem Geol,10.1016/j.chemgeo.2010.07.014,Basalt,"Mutnovsky, Kamchatka",Natural,KFT,ND,IHPV,M13,1250,3,A,500,50,A,1.67,0.14,A,0,0,A,47.51,0.45,A,17.6,0.26,A,2.3,0.31,A,6.94,0.23,A,10.8,0.38,A,0.9,0.05,A,9.14,0.43,A,0.15,0.1,A,0.24,0.03,A,,,ND,,,ND,2.6,NNO,,,1,0.08,A,0,0.08,CALC,T,95.58,49.70705168,2.65745972,triangle-right,#0173b2,Y,Y,Y,N,N,Dixon,302.4994849,54.1544211,1,0,0,0
Shishkina et al. (2010) Chem Geol,10.1016/j.chemgeo.2010.07.014,Basalt,"Mutnovsky, Kamchatka",Natural,KFT,ND,IHPV,M14,1250,3,A,500,50,A,1.82,0.12,A,0,0,A,48.17,0.42,A,17.45,0.23,A,2.26,0.14,A,6.66,0.14,A,10.92,0.36,A,0.9,0.06,A,8.84,0.38,A,0.19,0.11,A,0.23,0.04,A,,,ND,0.36,0.02,A,2.6,NNO,,,1,0.05,A,0,0.05,CALC,F,95.62,50.37649027,2.604057729,triangle-right,#0173b2,Y,Y,Y,N,N,Dixon,345.4261931,45.65465901,1,0,0,0
Shishkina et al. (2010) Chem Geol,10.1016/j.chemgeo.2010.07.014,Basalt,"Mutnovsky, Kamchatka",Natural,KFT,FTIR,IHPV,M15,1250,3,A,500,50,A,1.54,0.12,A,60,7,A,48.31,0.32,A,17.58,0.17,A,2.39,0.19,A,6.72,0.14,A,10.74,0.32,A,0.91,0.06,A,8.69,0.38,A,0.14,0.08,A,0.22,0.04,A,,,ND,0.32,0.02,A,2,NNO,,,0.48,0.08,A,0.52,0.08,CALC,F,95.7,50.48066876,2.727272727,triangle-right,#0173b2,Y,Y,Y,N,N,Dixon,344.8589599,41.68574582,0.70885911,0.049800145,0.29114089,0.049800145
Shishkina et al. (2010) Chem Geol,10.1016/j.chemgeo.2010.07.014,Basalt,"Mutnovsky, Kamchatka",Natural,KFT,FTIR,IHPV,M16,1250,3,A,500,50,A,1.07,0.12,A,92,8,A,48.92,0.44,A,17.68,0.25,A,2.34,0.11,A,6.89,0.16,A,11.11,0.38,A,0.92,0.06,A,8.46,0.29,A,0.11,0.09,A,0.24,0.04,A,,,ND,0.27,0.02,A,1.28,NNO,,,0.2,0.08,A,0.8,0.08,CALC,F,96.67,50.60515155,2.668873487,triangle-right,#0173b2,Y,Y,Y,N,N,Dixon,300.2692701,35.46608085,0.38451407,0.062784459,0.61548593,0.062784459
Shishkina et al. (2010) Chem Geol,10.1016/j.chemgeo.2010.07.014,Basalt,"Mutnovsky, Kamchatka",Natural,KFT,ND,IHPV,M51,1250,3,A,500,50,A,2.24,0.11,A,0,0,A,47.69,0.28,A,17.39,0.19,A,2.27,0.09,A,6.7,0.14,A,10.72,0.19,A,0.89,0.03,A,8.92,0.31,A,0.21,0.11,A,0.25,0.05,A,,,ND,,,,2.58,NNO,,,0.98,0.03,A,0.02,0.03,CALC,T,95.04,50.17887205,2.651515152,triangle-right,#0173b2,Y,Y,Y,N,N,Dixon,528.0579729,51.46245994,1,0,0,0
Shishkina et al. (2010) Chem Geol,10.1016/j.chemgeo.2010.07.014,Basalt,"Mutnovsky, Kamchatka",Natural,KFT,FTIR,IHPV,M50,1250,3,A,500,50,A,2.43,0.12,A,35,3,A,48.07,0.36,A,17.35,0.22,A,2.25,0.19,A,6.69,0.14,A,10.77,0.28,A,0.88,0.03,A,8.65,0.48,A,0.19,0.12,A,0.24,0.04,A,,,ND,0.3,0.02,A,2.27,NNO,,,0.67,0.06,A,0.33,0.06,CALC,F,95.09,50.55210853,2.618571879,triangle-right,#0173b2,Y,Y,Y,N,N,Dixon,661.2986639,58.1182452,0.917972622,0.014062137,0.082027378,0.014062137
Shishkina et al. (2010) Chem Geol,10.1016/j.chemgeo.2010.07.014,Basalt,"Mutnovsky, Kamchatka",Natural,KFT,FTIR,IHPV,M49,1250,3,A,500,50,A,1.25,0.12,A,114,10,A,48.93,0.35,A,17.73,0.2,A,2.46,0.22,A,6.91,0.21,A,10.89,0.26,A,0.92,0.07,A,8.52,0.38,A,0.14,0.1,A,0.24,0.03,A,,,ND,0.25,0.02,A,1.64,NNO,,,0.31,0.08,A,0.69,0.08,CALC,F,96.74,50.5788712,2.790986148,triangle-right,#0173b2,Y,Y,Y,N,N,Dixon,390.5483772,40.01797386,0.407499585,0.056356515,0.592500415,0.056356515
Shishkina et al. (2010) Chem Geol,10.1016/j.chemgeo.2010.07.014,Basalt,"Mutnovsky, Kamchatka",Natural,KFT,ND,IHPV,M6,1250,3,A,1000,50,A,2.8,0.13,A,0,0,A,47.48,0.28,A,17.24,0.1,A,2.41,0.15,A,6.62,0.23,A,10.72,0.08,A,0.88,0.06,A,8.53,0.3,A,0.23,0.07,A,0.22,0.05,A,,,ND,,,,2.6,NNO,,,1,0.05,A,0,0.05,CALC,T,94.33,50.33393406,2.788084385,triangle-right,#0173b2,Y,Y,Y,N,N,Dixon,814.3794909,71.7587164,1,0,0,0
Shishkina et al. (2010) Chem Geol,10.1016/j.chemgeo.2010.07.014,Basalt,"Mutnovsky, Kamchatka",Natural,KFT,ND,IHPV,M7,1250,3,A,1000,50,A,2.97,0.12,A,0,0,A,47.38,0.21,A,16.93,0.29,A,2.33,0.08,A,6.47,0.15,A,10.84,0.44,A,0.9,0.06,A,8.66,0.37,A,0.16,0.02,A,0.23,0.04,A,,,ND,,,,2.18,NNO,,,0.6,0.08,A,0.4,0.08,CALC,F,93.9,50.45793397,2.726304579,triangle-right,#0173b2,Y,Y,Y,N,N,Dixon,912.7861596,70.11000516,1,0,0,0
Shishkina et al. (2010) Chem Geol,10.1016/j.chemgeo.2010.07.014,Basalt,"Mutnovsky, Kamchatka",Natural,KFT,FTIR,IHPV,M8,1250,3,A,1000,50,A,2.26,0.12,A,157,13,A,47.93,0.35,A,17.4,0.16,A,2.36,0.16,A,6.67,0.15,A,10.91,0.34,A,0.92,0.03,A,8.91,0.62,A,0.18,0.11,A,0.24,0.04,A,,,ND,0.29,0.02,A,2.02,NNO,,,0.49,0.05,A,0.51,0.05,CALC,T,95.52,50.1779732,2.721943049,triangle-right,#0173b2,Y,Y,Y,N,N,Dixon,772.513849,59.92755103,0.702217484,0.036779373,0.297782516,0.036779373
Shishkina et al. (2010) Chem Geol,10.1016/j.chemgeo.2010.07.014,Basalt,"Mutnovsky, Kamchatka",Natural,KFT,ND,IHPV,M11,1250,3,A,2000,50,A,4.95,0.12,A,0,0,A,46.44,0.38,A,16.72,0.33,A,2.22,0.16,A,6.39,0.1,A,10.46,0.32,A,0.86,0.02,A,8.19,0.41,A,0.2,0.11,A,0.23,0.03,A,,,ND,,,,2.6,NNO,,,1,0.03,A,0,0.03,CALC,F,91.71,50.63788027,2.671464399,triangle-right,#0173b2,Y,Y,Y,N,N,Dixon,2366.252044,106.0791864,1,0,0,0
Shishkina et al. (2010) Chem Geol,10.1016/j.chemgeo.2010.07.014,Basalt,"Mutnovsky, Kamchatka",Natural,KFT,FTIR,IHPV,M12,1250,3,A,2000,50,A,4.44,0.13,A,195,18,A,46.78,0.52,A,16.83,0.25,A,2.1,0.13,A,6.44,0.19,A,10.39,0.17,A,0.88,0.03,A,8.92,0.45,A,0.2,0.12,A,0.21,0.04,A,,,ND,0.43,0.02,A,2.49,NNO,,,0.88,0.05,A,0.12,0.05,CALC,F,92.75,50.43665768,2.490566038,triangle-right,#0173b2,Y,Y,Y,N,N,Dixon,2160.578598,102.2704301,0.905312664,0.015058304,0.094687336,0.015058304
Shishkina et al. (2010) Chem Geol,10.1016/j.chemgeo.2010.07.014,Basalt,"Mutnovsky, Kamchatka",Natural,KFT,FTIR,IHPV,M2,1250,3,A,2000,50,A,4.22,0.13,A,296,24,A,46.85,0.37,A,16.87,0.19,A,2.2,0.24,A,6.52,0.17,A,10.57,0.19,A,0.88,0.03,A,8.54,0.15,A,0.21,0.08,A,0.24,0.04,A,,,ND,0.18,0.03,A,2.23,NNO,,,0.63,0.04,A,0.37,0.04,CALC,F,92.88,50.4414298,2.62704565,triangle-right,#0173b2,Y,Y,Y,N,N,Dixon,2114.541782,96.78647991,0.852688359,0.017948828,0.147311641,0.017948828
Shishkina et al. (2010) Chem Geol,10.1016/j.chemgeo.2010.07.014,Basalt,"Mutnovsky, Kamchatka",Natural,KFT,FTIR,IHPV,M3,1250,3,A,2000,50,A,3.21,0.14,A,598,48,A,47.44,0.15,A,17.04,0.23,A,2.11,0.22,A,6.63,0.14,A,10.71,0.18,A,0.92,0.04,A,8.96,0.31,A,0.19,0.08,A,0.24,0.05,A,,,ND,0.35,0.03,A,2.01,NNO,,,0.47,0.05,A,0.53,0.05,CALC,F,94.24,50.33955857,2.493633277,triangle-right,#0173b2,Y,Y,Y,N,N,Dixon,1844.26512,106.1060913,0.604170633,0.029069835,0.395829367,0.029069835
Shishkina et al. (2010) Chem Geol,10.1016/j.chemgeo.2010.07.014,Basalt,"Mutnovsky, Kamchatka",Natural,KFT,ND,IHPV,M33,1250,3,A,3000,50,A,6.25,0.12,A,0,0,A,45.78,0.24,A,16.53,0.22,A,2.17,0.13,A,6.38,0.25,A,10.22,0.3,A,0.83,0.04,A,8.54,0.44,A,0.15,0.08,A,0.2,0.03,A,,,ND,,,,2.6,NNO,,,1,0.02,A,0,0.02,CALC,F,90.8,50.4185022,2.610132159,triangle-right,#0173b2,Y,Y,Y,N,N,Dixon,3566.427268,117.4785604,1,0,0,0
Shishkina et al. (2010) Chem Geol,10.1016/j.chemgeo.2010.07.014,Basalt,"Mutnovsky, Kamchatka",Natural,KFT,FTIR,IHPV,M34,1250,3,A,3000,50,A,5.7,0.13,A,375,30,A,46,0.3,A,16.6,0.24,A,2.25,0.12,A,6.29,0.17,A,10.15,0.36,A,0.85,0.05,A,8.67,0.4,A,0.2,0.08,A,0.23,0.05,A,,,ND,0.43,0.02,A,2.49,NNO,,,0.87,0.03,A,0.13,0.03,CALC,F,91.24,50.416484,2.718106094,triangle-right,#0173b2,Y,Y,Y,N,N,Dixon,3404.659378,111.214621,0.908079137,0.009528817,0.091920863,0.009528817
Shishkina et al. (2010) Chem Geol,10.1016/j.chemgeo.2010.07.014,Basalt,"Mutnovsky, Kamchatka",Natural,KFT,FTIR,IHPV,M35,1250,3,A,3000,50,A,4.2,0.12,A,1019,81,A,45.96,0.57,A,16.83,0.26,A,2.28,0.2,A,6.5,0.18,A,10.11,0.41,A,0.84,0.04,A,8.26,0.61,A,0.16,0.08,A,0.23,0.03,A,,,ND,0.39,0.02,A,2.17,NNO,,,0.57,0.04,A,0.43,0.04,CALC,F,91.17,50.41131951,2.753098607,triangle-right,#0173b2,Y,Y,Y,N,N,Dixon,2787.161428,121.6562889,0.688211579,0.035172454,0.311788421,0.035172454
Shishkina et al. (2010) Chem Geol,10.1016/j.chemgeo.2010.07.014,Basalt,"Mutnovsky, Kamchatka",Natural,KFT,FTIR,IHPV,M36,1250,3,A,3000,50,A,2.82,0.11,A,1392,111,A,47.38,0.41,A,17.34,0.25,A,2.2,0.18,A,6.51,0.18,A,10.65,0.34,A,0.88,0.04,A,9,0.34,A,0.13,0.1,A,0.23,0.03,A,,,ND,0.34,0.02,A,1.78,NNO,,,0.34,0.05,A,0.66,0.05,CALC,F,94.32,50.23324852,2.576335878,triangle-right,#0173b2,Y,Y,Y,N,N,Dixon,2558.967983,217.971735,0.364324035,0.035659512,0.635675965,0.035659512
Shishkina et al. (2010) Chem Geol,10.1016/j.chemgeo.2010.07.014,Basalt,"Mutnovsky, Kamchatka",Natural,KFT,ND,IHPV,M38,1250,3,A,4000,50,A,7.36,0.12,A,0,0,A,45.22,0.45,A,16.37,0.23,A,2.24,0.13,A,6.11,0.25,A,10.05,0.36,A,0.84,0.06,A,8.68,0.36,A,0.14,0.08,A,0.23,0.02,A,,,ND,,,,2.6,NNO,,,1,0.05,A,0,0.05,CALC,F,89.88,50.31152648,2.748108589,triangle-right,#0173b2,Y,Y,Y,N,N,Dixon,4703.833959,157.9259052,1,0,0,0
Shishkina et al. (2010) Chem Geol,10.1016/j.chemgeo.2010.07.014,Basalt,"Mutnovsky, Kamchatka",Natural,KFT,FTIR,IHPV,M39,1250,3,A,4000,50,A,6.75,0.12,A,681,54,A,45.64,0.26,A,16.59,0.23,A,2.12,0.12,A,6.22,0.14,A,10.15,0.2,A,0.86,0.04,A,8.42,0.32,A,0.18,0.1,A,0.24,0.06,A,,,ND,0.46,0.02,A,2.51,NNO,,,0.89,0.03,A,0.11,0.03,CALC,F,90.42,50.4755585,2.610042026,triangle-right,#0173b2,Y,Y,Y,N,N,Dixon,4619.08249,118.2666818,0.890212416,0.009687668,0.109787584,0.009687668
Shishkina et al. (2010) Chem Geol,10.1016/j.chemgeo.2010.07.014,Basalt,"Mutnovsky, Kamchatka",Natural,KFT,FTIR,IHPV,M30,1250,3,A,4000,50,A,5.65,0.12,A,1271,101,A,45.86,0.41,A,16.6,0.15,A,2.17,0.15,A,6.36,0.2,A,10.37,0.24,A,0.86,0.04,A,8.59,0.43,A,0.14,0.09,A,0.22,0.04,A,,,ND,0.41,0.02,A,2.3,NNO,,,0.67,0.04,A,0.33,0.04,CALC,F,91.17,50.30163431,2.621476363,triangle-right,#0173b2,Y,Y,Y,N,N,Dixon,4145.557091,132.6597759,0.757665469,0.023550489,0.242334531,0.023550489
Shishkina et al. (2010) Chem Geol,10.1016/j.chemgeo.2010.07.014,Basalt,"Mutnovsky, Kamchatka",Natural,KFT,FTIR,IHPV,M40,1250,3,A,4000,50,A,3.07,0.12,A,2183,178,A,47.51,0.4,A,17.27,0.22,A,2.24,0.15,A,6.66,0.21,A,10.59,0.26,A,0.92,0.04,A,8.93,0.3,A,0.17,0.09,A,0.22,0.04,A,,,ND,0.36,0.02,A,1.73,NNO,,,0.31,0.04,A,0.69,0.04,CALC,T,94.51,50.26981272,2.602899164,triangle-right,#0173b2,Y,Y,Y,N,N,Dixon,3661.31699,311.5610565,0.307534056,0.030383381,0.692465944,0.030383381
Shishkina et al. (2010) Chem Geol,10.1016/j.chemgeo.2010.07.014,Basalt,"Mutnovsky, Kamchatka",Natural,KFT,FTIR,IHPV,M19,1250,3,A,5000,50,A,3.29,0.13,A,3277,266,A,47.31,0.31,A,17.08,0.21,A,2.26,0.19,A,6.63,0.19,A,10.5,0.38,A,0.87,0.04,A,8.8,0.37,A,0.13,0.09,A,0.23,0.03,A,,,ND,0.3,0.02,A,1.45,NNO,,,0.18,0.04,A,0.82,0.04,CALC,T,93.81,50.4317237,2.654301247,triangle-right,#0173b2,Y,Y,Y,N,N,Dixon,4740.699036,352.9247843,0.274967878,0.023932958,0.725032122,0.023932958
Shishkina et al. (2010) Chem Geol,10.1016/j.chemgeo.2010.07.014,Basalt,"Mutnovsky, Kamchatka",Natural,KFT,FTIR,IHPV,M20,1250,3,A,5000,50,A,5.72,0.12,A,2421,268,A,46,0.4,A,16.65,0.25,A,2.14,0.18,A,6.38,0.17,A,10.31,0.25,A,0.83,0.04,A,8.48,0.35,A,0.19,0.07,A,0.25,0.05,A,,,ND,0.39,0.02,A,2.28,NNO,,,0.64,0.05,A,0.36,0.05,CALC,F,91.23,50.4220103,2.619752274,triangle-right,#0173b2,Y,Y,Y,N,N,Dixon,5118.454351,243.0077372,0.635987056,0.033493375,0.364012944,0.033493375
Shishkina et al. (2010) Chem Geol,10.1016/j.chemgeo.2010.07.014,Basalt,"Mutnovsky, Kamchatka",Natural,KFT,FTIR,IHPV,M21,1250,3,A,5000,50,A,7.56,0.14,A,1051,98,A,45.12,0.35,A,16.32,0.19,A,2.17,0.2,A,6.26,0.15,A,9.98,0.21,A,0.84,0.05,A,8.4,0.28,A,0.15,0.09,A,0.21,0.03,A,,,ND,0.44,0.02,A,2.52,NNO,,,0.91,0.05,A,0.09,0.05,CALC,F,89.45,50.44158748,2.660704304,triangle-right,#0173b2,Y,Y,Y,N,N,Dixon,5678.645093,149.0169079,0.88092005,0.012963527,0.11907995,0.012963527
Shishkina et al. (2010) Chem Geol,10.1016/j.chemgeo.2010.07.014,Basalt,"Mutnovsky, Kamchatka",Natural,KFT,ND,IHPV,M22,1250,3,A,5000,50,A,8.81,0.16,A,0,0,A,44.85,0.18,A,16.13,0.23,A,2.14,0.24,A,6.07,0.24,A,10.13,0.22,A,0.87,0.03,A,8.35,0.27,A,0.17,0.12,A,0.24,0.05,A,,,ND,,,,2.6,NNO,,,1,0.06,A,0,0.06,CALC,F,88.95,50.42158516,2.675660483,triangle-right,#0173b2,Y,Y,Y,N,N,Dixon,6190.154544,161.7695778,1,0,0,0
Shishkina et al. (2010) Chem Geol,10.1016/j.chemgeo.2010.07.014,Basalt,"Mutnovsky, Kamchatka",Natural,KFT,FTIR,IHPV,M42,1250,3,A,5000,50,A,1.33,0.11,A,3318,276,A,48.64,0.39,A,17.53,0.24,A,2.36,0.14,A,6.75,0.21,A,10.89,0.36,A,0.9,0.06,A,8.5,0.49,A,0.15,0.08,A,0.22,0.02,A,,,ND,0.25,0.02,A,0.55,NNO,,,0.07,0.03,A,0.93,0.03,CALC,F,95.94,50.69835314,2.689180738,triangle-right,#0173b2,Y,Y,Y,N,N,Dixon,5323.711095,632.6091712,0.043834109,0.008895455,0.956165891,0.008895455
Shishkina et al. (2010) Chem Geol,10.1016/j.chemgeo.2010.07.014,Basalt,"Mutnovsky, Kamchatka",Natural,KFT,FTIR,IHPV,M43,1250,3,A,5000,50,A,2.62,0.11,A,3172,265,A,47.46,0.4,A,17.21,0.18,A,2.17,0.2,A,6.65,0.19,A,10.59,0.39,A,0.88,0.04,A,8.82,0.28,A,0.22,0.05,A,0.23,0.04,A,,,ND,0.33,0.02,A,1.24,NNO,,,0.16,0.04,A,0.84,0.04,CALC,F,94.23,50.36612544,2.546959567,triangle-right,#0173b2,Y,Y,Y,N,N,Dixon,4401.676384,428.1241984,0.198865023,0.023521246,0.801134977,0.023521246
Shishkina et al. (2010) Chem Geol,10.1016/j.chemgeo.2010.07.014,Basalt,"Mutnovsky, Kamchatka",Natural,KFT,FTIR,IHPV,M44,1250,3,A,5000,50,A,4,0.12,A,3029,244,A,46.75,0.41,A,16.92,0.22,A,2.29,0.19,A,6.54,0.14,A,10.6,0.29,A,0.87,0.05,A,8.64,0.45,A,0.16,0.05,A,0.23,0.02,A,,,ND,0.37,0.02,A,1.65,NNO,,,0.27,0.05,A,0.73,0.05,CALC,F,93,50.2688172,2.709677419,triangle-right,#0173b2,Y,Y,Y,N,N,Dixon,4617.371779,302.4787281,0.396975354,0.030487157,0.603024646,0.030487157
Shishkina et al. (2010) Chem Geol,10.1016/j.chemgeo.2010.07.014,Basalt,"Mutnovsky, Kamchatka",Natural,KFT,FTIR,IHPV,M46,1250,3,A,5000,50,A,6.69,0.12,A,2189,181,A,45.69,0.36,A,16.39,0.35,A,2.17,0.21,A,6.32,0.17,A,10.12,0.17,A,0.85,0.03,A,8.45,0.42,A,0.18,0.07,A,0.21,0.04,A,,,ND,0.43,0.02,A,2.39,NNO,,,0.76,0.05,A,0.24,0.05,CALC,F,90.38,50.55321974,2.633325957,triangle-right,#0173b2,Y,Y,Y,N,N,Dixon,5699.359163,166.8799624,0.726684499,0.023086569,0.273315501,0.023086569
Allison et al. (2019),10.1007/s00410-019-1592-4,Phonotephrite,Erebus,Synthetic,FTIR,FTIR,PC,Z-31,1200,10,A,4078,100,A,2.52,0.05,A,3368,67,A,48.38,0.17,A,19.27,0.13,A,6.16,0.05,A,3.19,0.06,A,6.93,0.07,A,2.81,0.03,A,8.92,0.06,A,0.25,0.02,A,2.89,0.01,A,1.19,0.02,A,,,,,,,,0.112,0.05,A,0.888,0.05,CALC,F,99.99,48.38483848,9.050905091,diamond,#fbafe4,N,N,N,N,N,Dixon,5367.177872,241.598634,0.151529707,0.008415003,0.848470293,0.008415003
Allison et al. (2019),10.1007/s00410-019-1592-4,Trachybasalt,Etna,Natural,FTIR,FTIR,PC,Et-8,1200,10,A,4041,100,A,2.68,0.02,A,3996,37,A,48.77,0.09,A,16.98,0.13,A,3.65,0.06,A,6.33,0.05,A,11.26,0.12,A,1.79,0.01,A,8.7,0.14,A,0.18,0.02,A,1.79,0.03,A,0.53,0.01,A,,,,,,,,0.222,0.05,A,0.778,0.05,CALC,F,99.98,48.77975595,5.441088218,circle,#56b4e9,N,N,N,N,N,Dixon,6733.440571,189.0225903,0.134680542,0.004365064,0.865319458,0.004365064
Allison et al. (2019),10.1007/s00410-019-1592-4,Trachybasalt,Etna,Natural,FTIR,FTIR,PC,Z-22,1200,10,A,4194,100,A,3.35,0.02,A,4426,180,A,48.8,0.24,A,17.37,0.05,A,3.75,0.06,A,6.41,0.05,A,11.42,0.08,A,1.69,0.01,A,8.52,0.18,A,0.18,0.05,A,1.87,0.02,A,0.52,0.03,A,,,,,,,,0.209,0.05,A,0.791,0.05,CALC,F,100.53,48.54272357,5.590371034,circle,#56b4e9,N,N,N,N,N,Dixon,7556.85748,415.2004513,0.177114769,0.011006027,0.822885231,0.011006027
Allison et al. (2019),10.1007/s00410-019-1592-4,Basalt,Sunset Crater,Natural,FTIR,FTIR,PC,Z-32,1200,10,A,4071,100,A,2.61,0.01,A,3176,56,A,48.21,0.07,A,16.44,0.04,A,3.46,0.05,A,8.58,0.06,A,10.06,0.02,A,1.86,0.01,A,9.92,0.04,A,0.18,0.02,A,0.82,0.01,A,0.47,0.03,A,,,,,,,,0.185,0.05,A,0.815,0.05,CALC,F,100,48.21,4.28,star-square,#0173b2,N,N,N,N,N,Dixon,4985.900391,100.1552264,0.173336526,0.00385462,0.826663474,0.00385462
Schanofski et al. (2019),10.1007/s00410-019-1581-7,Foidite,Colli Albani,Synthetic,FTIR,FTIR,IHPV,SULm_0.5_1,1250,15,A,500,50,A,0.35,0.01,A,1610,30,A,44.45,0.14,A,16.29,0.06,A,2.86,0.24,A,4.14,0.07,A,10.97,0.05,A,0.97,0.01,A,9.735955184,0.053988661,A,0.26,0.01,A,9.18,0.03,A,0,0,A,,,,,,,,0.05,,,0.95,,CALC,T,98.85595518,44.96441304,12.17933707,diamond,black,N,N,N,N,N,Dixon,1137.907812,29.66124726,0.01233212,0.000807133,0.98766788,0.000807133
Schanofski et al. (2019),10.1007/s00410-019-1581-7,Foidite,Colli Albani,Synthetic,FTIR,ND,IHPV,SULm_0.5_6,1250,15,A,500,50,A,2.61,0.02,A,0,0,A,44.45,0.14,A,16.29,0.06,A,2.86,0.24,A,4.14,0.07,A,10.97,0.05,A,0.97,0.01,A,9.735955184,0.053988661,A,0.26,0.01,A,9.18,0.03,A,0,0,A,,,,,,,,0.996,,,0.004,,CALC,T,98.85595518,44.96441304,12.17933707,diamond,black,N,N,N,N,N,Dixon,824.4011183,13.92488152,1,0,0,0
Schanofski et al. (2019),10.1007/s00410-019-1581-7,Foidite,Colli Albani,Synthetic,FTIR,FTIR,IHPV,SULm_1_1,1250,15,A,1000,50,A,0.47,0.025,A,2940,50,A,44.45,0.14,A,16.29,0.06,A,2.86,0.24,A,4.14,0.07,A,10.97,0.05,A,0.97,0.01,A,9.735955184,0.053988661,A,0.26,0.01,A,9.18,0.03,A,0,0,A,,,,,,,,0.055,,,0.945,,CALC,T,98.85595518,44.96441304,12.17933707,diamond,black,N,N,N,N,N,Dixon,2016.597458,51.49692523,0.013845569,0.001550323,0.986154431,0.001550323
Schanofski et al. (2019),10.1007/s00410-019-1581-7,Foidite,Colli Albani,Synthetic,FTIR,FTIR,IHPV,SULm_1_2,1250,15,A,1000,50,A,1.36,0.04,A,2660,45,A,44.45,0.14,A,16.29,0.06,A,2.86,0.24,A,4.14,0.07,A,10.97,0.05,A,0.97,0.01,A,9.735955184,0.053988661,A,0.26,0.01,A,9.18,0.03,A,0,0,A,,,,,,,,0.135,,,0.865,,CALC,F,98.85595518,44.96441304,12.17933707,diamond,black,N,N,N,N,N,Dixon,2057.322533,49.03921404,0.125632056,0.007331899,0.874367944,0.007331899
Schanofski et al. (2019),10.1007/s00410-019-1581-7,Foidite,Colli Albani,Synthetic,FTIR,FTIR,IHPV,SULm_1_3,1250,15,A,1000,50,A,2.02,0.05,A,2200,40,A,44.45,0.14,A,16.29,0.06,A,2.86,0.24,A,4.14,0.07,A,10.97,0.05,A,0.97,0.01,A,9.735955184,0.053988661,A,0.26,0.01,A,9.18,0.03,A,0,0,A,,,,,,,,0.294,,,0.706,,CALC,F,98.85595518,44.96441304,12.17933707,diamond,black,N,N,N,N,N,Dixon,2049.490702,45.91431006,0.27394249,0.011807608,0.72605751,0.011807608
Schanofski et al. (2019),10.1007/s00410-019-1581-7,Foidite,Colli Albani,Synthetic,FTIR,FTIR,IHPV,SULm_1_4,1250,15,A,1000,50,A,2.74,0.095,A,1780,30,A,44.45,0.14,A,16.29,0.06,A,2.86,0.24,A,4.14,0.07,A,10.97,0.05,A,0.97,0.01,A,9.735955184,0.053988661,A,0.26,0.01,A,9.18,0.03,A,0,0,A,,,,,,,,0.52,,,0.48,,CALC,T,98.85595518,44.96441304,12.17933707,diamond,black,N,N,N,N,N,Dixon,2186.411457,66.22103269,0.451637601,0.018140504,0.548362399,0.018140504
Schanofski et al. (2019),10.1007/s00410-019-1581-7,Foidite,Colli Albani,Synthetic,FTIR,FTIR,IHPV,SULm_1_5,1250,15,A,1000,50,A,3.48,0.075,A,1330,25,A,44.45,0.14,A,16.29,0.06,A,2.86,0.24,A,4.14,0.07,A,10.97,0.05,A,0.97,0.01,A,9.735955184,0.053988661,A,0.26,0.01,A,9.18,0.03,A,0,0,A,,,,,,,,0.759,,,0.241,,CALC,T,98.85595518,44.96441304,12.17933707,diamond,black,N,N,N,N,N,Dixon,2386.528533,58.38463633,0.627800088,0.012684072,0.372199912,0.012684072
Schanofski et al. (2019),10.1007/s00410-019-1581-7,Foidite,Colli Albani,Synthetic,FTIR,ND,IHPV,SULm_1_6,1250,15,A,1000,50,A,3.75,0.09,A,0,0,A,44.45,0.14,A,16.29,0.06,A,2.86,0.24,A,4.14,0.07,A,10.97,0.05,A,0.97,0.01,A,9.735955184,0.053988661,A,0.26,0.01,A,9.18,0.03,A,0,0,A,,,,,,,,1,,,0,,CALC,F,98.85595518,44.96441304,12.17933707,diamond,black,N,N,N,N,N,Dixon,1613.724939,70.33839503,1,0,0,0
Schanofski et al. (2019),10.1007/s00410-019-1581-7,Foidite,Colli Albani,Synthetic,FTIR,FTIR,IHPV,SULm_1.5_1,1250,15,A,1500,50,A,0.36,0.01,A,3850,70,A,44.45,0.14,A,16.29,0.06,A,2.86,0.24,A,4.14,0.07,A,10.97,0.05,A,0.97,0.01,A,9.735955184,0.053988661,A,0.26,0.01,A,9.18,0.03,A,0,0,A,,,,,,,,0.028,,,0.972,,CALC,F,98.85595518,44.96441304,12.17933707,diamond,black,N,N,N,N,N,Dixon,2563.238554,63.14878914,0.006362867,0.000403423,0.993637133,0.000403423
Schanofski et al. (2019),10.1007/s00410-019-1581-7,Foidite,Colli Albani,Synthetic,FTIR,ND,IHPV,SULm_1.5_6,1250,15,A,1500,50,A,4.65,0.185,A,0,0,A,44.45,0.14,A,16.29,0.06,A,2.86,0.24,A,4.14,0.07,A,10.97,0.05,A,0.97,0.01,A,9.735955184,0.053988661,A,0.26,0.01,A,9.18,0.03,A,0,0,A,,,,,,,,0.966,,,0.034,,CALC,F,98.85595518,44.96441304,12.17933707,diamond,black,N,N,N,N,N,Dixon,2351.342115,167.8664853,1,0,0,0
Schanofski et al. (2019),10.1007/s00410-019-1581-7,Foidite,Colli Albani,Synthetic,FTIR,FTIR,IHPV,SULm_2_1,1250,15,A,2000,50,A,0.5,0.015,A,5680,100,A,44.45,0.14,A,16.29,0.06,A,2.86,0.24,A,4.14,0.07,A,10.97,0.05,A,0.97,0.01,A,9.735955184,0.053988661,A,0.26,0.01,A,9.18,0.03,A,0,0,A,,,,,,,,0.021,,,0.979,,CALC,F,98.85595518,44.96441304,12.17933707,diamond,black,N,N,N,N,N,Dixon,3629.981012,84.16785149,0.009358149,0.000624144,0.990641851,0.000624144
Schanofski et al. (2019),10.1007/s00410-019-1581-7,Foidite,Colli Albani,Synthetic,FTIR,FTIR,IHPV,SULm_2_2,1250,15,A,2000,50,A,1.65,0.08,A,5450,95,A,44.45,0.14,A,16.29,0.06,A,2.86,0.24,A,4.14,0.07,A,10.97,0.05,A,0.97,0.01,A,9.735955184,0.053988661,A,0.26,0.01,A,9.18,0.03,A,0,0,A,,,,,,,,0.182,,,0.818,,CALC,F,98.85595518,44.96441304,12.17933707,diamond,black,N,N,N,N,N,Dixon,3830.112943,92.75816558,0.107025505,0.009974666,0.892974495,0.009974666
Schanofski et al. (2019),10.1007/s00410-019-1581-7,Foidite,Colli Albani,Synthetic,FTIR,FTIR,IHPV,SULm_2_3,1250,15,A,2000,50,A,2.87,0.065,A,4650,80,A,44.45,0.14,A,16.29,0.06,A,2.86,0.24,A,4.14,0.07,A,10.97,0.05,A,0.97,0.01,A,9.735955184,0.053988661,A,0.26,0.01,A,9.18,0.03,A,0,0,A,,,,,,,,0.309,,,0.691,,CALC,F,98.85595518,44.96441304,12.17933707,diamond,black,N,N,N,N,N,Dixon,4052.216375,77.10205976,0.284660461,0.010282477,0.715339539,0.010282477
Schanofski et al. (2019),10.1007/s00410-019-1581-7,Foidite,Colli Albani,Synthetic,FTIR,FTIR,IHPV,SULm_2_4,1250,15,A,2000,50,A,3.84,0.085,A,3730,65,A,44.45,0.14,A,16.29,0.06,A,2.86,0.24,A,4.14,0.07,A,10.97,0.05,A,0.97,0.01,A,9.735955184,0.053988661,A,0.26,0.01,A,9.18,0.03,A,0,0,A,,,,,,,,0.516,,,0.484,,CALC,F,98.85595518,44.96441304,12.17933707,diamond,black,N,N,N,N,N,Dixon,4191.623788,82.97486268,0.447862824,0.012814896,0.552137176,0.012814896
Schanofski et al. (2019),10.1007/s00410-019-1581-7,Foidite,Colli Albani,Synthetic,FTIR,FTIR,IHPV,SULm_2_5,1250,15,A,2000,50,A,4.74,0.205,A,2460,45,A,44.45,0.14,A,16.29,0.06,A,2.86,0.24,A,4.14,0.07,A,10.97,0.05,A,0.97,0.01,A,9.735955184,0.053988661,A,0.26,0.01,A,9.18,0.03,A,0,0,A,,,,,,,,0.767,,,0.233,,CALC,F,98.85595518,44.96441304,12.17933707,diamond,black,N,N,N,N,N,Dixon,4119.974101,170.8814755,0.627680274,0.019455069,0.372319726,0.019455069
Schanofski et al. (2019),10.1007/s00410-019-1581-7,Foidite,Colli Albani,Synthetic,FTIR,ND,IHPV,SULm_2_6,1250,15,A,2000,50,A,5.82,0.165,A,0,0,A,44.45,0.14,A,16.29,0.06,A,2.86,0.24,A,4.14,0.07,A,10.97,0.05,A,0.97,0.01,A,9.735955184,0.053988661,A,0.26,0.01,A,9.18,0.03,A,0,0,A,,,,,,,,1,,,0,,CALC,F,98.85595518,44.96441304,12.17933707,diamond,black,N,N,N,N,N,Dixon,3418.610754,161.2618112,1,0,0,0
Schanofski et al. (2019),10.1007/s00410-019-1581-7,Foidite,Colli Albani,Synthetic,FTIR,FTIR,IHPV,SULm_2.5_1,1250,15,A,2500,50,A,0.37,0.06,A,6320,110,A,44.45,0.14,A,16.29,0.06,A,2.86,0.24,A,4.14,0.07,A,10.97,0.05,A,0.97,0.01,A,9.735955184,0.053988661,A,0.26,0.01,A,9.18,0.03,A,0,0,A,,,,,,,,0.017,,,0.983,,CALC,F,98.85595518,44.96441304,12.17933707,diamond,black,N,N,N,N,N,Dixon,3963.725816,92.68862053,0.004714778,0.001594026,0.995285222,0.001594026
Schanofski et al. (2019),10.1007/s00410-019-1581-7,Foidite,Colli Albani,Synthetic,FTIR,FTIR,IHPV,SULm_3_1,1250,15,A,3000,50,A,0.65,0.015,A,8460,150,A,44.45,0.14,A,16.29,0.06,A,2.86,0.24,A,4.14,0.07,A,10.97,0.05,A,0.97,0.01,A,9.735955184,0.053988661,A,0.26,0.01,A,9.18,0.03,A,0,0,A,,,,,,,,0.028,,,0.972,,CALC,F,98.85595518,44.96441304,12.17933707,diamond,black,N,N,N,N,N,Dixon,5088.347261,122.3316732,0.012074734,0.000690969,0.987925266,0.000690969
Schanofski et al. (2019),10.1007/s00410-019-1581-7,Foidite,Colli Albani,Synthetic,FTIR,FTIR,IHPV,SULm_3_2,1250,15,A,3000,50,A,2.19,0.125,A,7700,135,A,44.45,0.14,A,16.29,0.06,A,2.86,0.24,A,4.14,0.07,A,10.97,0.05,A,0.97,0.01,A,9.735955184,0.053988661,A,0.26,0.01,A,9.18,0.03,A,0,0,A,,,,,,,,0.134,,,0.866,,CALC,F,98.85595518,44.96441304,12.17933707,diamond,black,N,N,N,N,N,Dixon,5271.015512,125.6820845,0.138471356,0.013914102,0.861528644,0.013914102
Schanofski et al. (2019),10.1007/s00410-019-1581-7,Foidite,Colli Albani,Synthetic,FTIR,FTIR,IHPV,SULm_3_3,1250,15,A,3000,50,A,3.58,0.08,A,6590,115,A,44.45,0.14,A,16.29,0.06,A,2.86,0.24,A,4.14,0.07,A,10.97,0.05,A,0.97,0.01,A,9.735955184,0.053988661,A,0.26,0.01,A,9.18,0.03,A,0,0,A,,,,,,,,0.317,,,0.683,,CALC,F,98.85595518,44.96441304,12.17933707,diamond,black,N,N,N,N,N,Dixon,5573.764894,102.6482654,0.310789224,0.010607725,0.689210776,0.010607725
Schanofski et al. (2019),10.1007/s00410-019-1581-7,Foidite,Colli Albani,Synthetic,FTIR,FTIR,IHPV,SULm_3_4,1250,15,A,3000,50,A,4.76,0.2,A,5740,100,A,44.45,0.14,A,16.29,0.06,A,2.86,0.24,A,4.14,0.07,A,10.97,0.05,A,0.97,0.01,A,9.735955184,0.053988661,A,0.26,0.01,A,9.18,0.03,A,0,0,A,,,,,,,,0.547,,,0.453,,CALC,F,98.85595518,44.96441304,12.17933707,diamond,black,N,N,N,N,N,Dixon,5992.285254,169.5547586,0.451472924,0.019476609,0.548527076,0.019476609
Schanofski et al. (2019),10.1007/s00410-019-1581-7,Foidite,Colli Albani,Synthetic,FTIR,FTIR,IHPV,SULm_3_5,1250,15,A,3000,50,A,6.29,0.225,A,3700,65,A,44.45,0.14,A,16.29,0.06,A,2.86,0.24,A,4.14,0.07,A,10.97,0.05,A,0.97,0.01,A,9.735955184,0.053988661,A,0.26,0.01,A,9.18,0.03,A,0,0,A,,,,,,,,0.792,,,0.208,,CALC,F,98.85595518,44.96441304,12.17933707,diamond,black,N,N,N,N,N,Dixon,6160.955043,196.6477236,0.657628128,0.015751566,0.342371872,0.015751566
Schanofski et al. (2019),10.1007/s00410-019-1581-7,Foidite,Colli Albani,Synthetic,FTIR,ND,IHPV,SULm_3_6,1250,15,A,3000,50,A,7.29,0.245,A,0,0,A,44.45,0.14,A,16.29,0.06,A,2.86,0.24,A,4.14,0.07,A,10.97,0.05,A,0.97,0.01,A,9.735955184,0.053988661,A,0.26,0.01,A,9.18,0.03,A,0,0,A,,,,,,,,0.965,,,0.035,,CALC,F,98.85595518,44.96441304,12.17933707,diamond,black,N,N,N,N,N,Dixon,4844.090926,239.2983691,1,0,0,0
Jiménez-Mejías et al. (2021),10.5802/crgeos.84,Basanite,"Fasnia, Tenerife, Canary Islands",Natural,FTIR,FTIR,IHPV,F05,1200,5,A,520,20,A,2.29,0.19,A,0,0,A,44.37,0.33,A,14.94,0.2,A,3.83,0.07,A,7.92,0.09,A,10.62,0.11,A,3.5,0.23,A,12.39,0.21,A,0.16,0.13,A,1.54,0.11,A,0.72,0.19,A,,,,1.4,NNO,,NR,1,,NR,0,,NR,F,99.99,44.37443744,5.370537054,circle,#ece133,N,N,N,N,N,Dixon,652.494608,106.3506692,1,0,0,0
Jiménez-Mejías et al. (2021),10.5802/crgeos.84,Basanite,"Fasnia, Tenerife, Canary Islands",Natural,FTIR,FTIR,IHPV,F1a,1200,5,A,1000,20,A,3.37,0.26,A,0,0,A,45.96,0.3,A,15.43,0.08,A,3.5,0.08,A,7.84,0.12,A,10.57,0.04,A,3.5,0.14,A,10.71,0.21,A,0.2,0.07,A,1.42,0.07,A,0.86,0.15,A,,,,3.18,NNO,,NR,1,,NR,0,,NR,F,99.99,45.96459646,4.920492049,circle,#ece133,N,N,N,N,N,Dixon,1255.439064,178.2420914,1,0,0,0
Jiménez-Mejías et al. (2021),10.5802/crgeos.84,Basanite,"Fasnia, Tenerife, Canary Islands",Natural,FTIR,FTIR,IHPV,F1c,1200,5,A,1080,20,A,3.25,0.17,A,0,0,A,44.27,0.26,A,15.03,0.13,A,3.84,0.09,A,7.95,0.07,A,10.52,0.11,A,3.55,0.19,A,12.35,0.26,A,0.24,0.1,A,1.6,0.09,A,0.64,0.13,A,,,,1.44,NNO,,NR,1,,NR,0,,NR,T,99.99,44.27442744,5.440544054,circle,#ece133,N,N,N,N,N,Dixon,1278.170075,126.4244266,1,0,0,0
Jiménez-Mejías et al. (2021),10.5802/crgeos.84,Basanite,"Fasnia, Tenerife, Canary Islands",Natural,FTIR,FTIR,IHPV,F2a,1200,5,A,2100,20,A,4.82,0.35,A,0,0,A,45.5,0.26,A,15.41,0.15,A,3.74,0.07,A,7.75,0.08,A,10.68,0.13,A,3.56,0.1,A,10.67,0.22,A,0.16,0.07,A,1.64,0.07,A,0.9,0.11,A,,,,3.25,NNO,,NR,1,,NR,0,,NR,F,100.01,45.49545045,5.379462054,circle,#ece133,N,N,N,N,N,Dixon,2417.775055,292.8577567,1,0,0,0
Jiménez-Mejías et al. (2021),10.5802/crgeos.84,Basanite,"Fasnia, Tenerife, Canary Islands",Natural,FTIR,FTIR,IHPV,F2b,1200,5,A,2100,20,A,5.03,0.27,A,0,0,A,44.74,0.32,A,14.98,0.14,A,3.79,0.15,A,7.99,0.1,A,10.55,0.13,A,3.49,0.13,A,11.86,0.27,A,0.25,0.08,A,1.59,0.1,A,0.75,0.13,A,,,,1.38,NNO,,NR,1,,NR,0,,NR,F,99.99,44.74447445,5.380538054,circle,#ece133,N,N,N,N,N,Dixon,2725.126635,248.5048344,1,0,0,0
Jiménez-Mejías et al. (2021),10.5802/crgeos.84,Basanite,"Fasnia, Tenerife, Canary Islands",Natural,FTIR,FTIR,IHPV,F3a,1200,5,A,2920,20,A,6.14,0.32,A,0,0,A,47.91,0.22,A,16.03,0.18,A,3.71,0.11,A,7.7,0.06,A,10.88,0.08,A,3.14,0.16,A,7.93,0.22,A,0.13,0.06,A,1.73,0.07,A,0.83,0.13,A,,,,3.18,NNO,,NR,1,,NR,0,,NR,T,99.99,47.91479148,5.440544054,circle,#ece133,N,N,N,N,N,Dixon,3211.514824,279.8459062,1,0,0,0
Jiménez-Mejías et al. (2021),10.5802/crgeos.84,Basanite,"Fasnia, Tenerife, Canary Islands",Natural,FTIR,FTIR,IHPV,F3c2,1200,5,A,3190,20,A,6.17,0.38,A,0,0,A,44.9,0.21,A,15.12,0.15,A,3.2,0.13,A,7.87,0.13,A,10.81,0.15,A,3.75,0.2,A,11.9,0.15,A,0.18,0.1,A,1.54,0.13,A,0.71,0.17,A,,,,1.34,NNO,,NR,1,,NR,0,,NR,F,99.98,44.9089818,4.74094819,circle,#ece133,N,N,N,N,N,Dixon,3768.498649,373.3232833,1,0,0,0
Jiménez-Mejías et al. (2021),10.5802/crgeos.84,Basanite,"Fasnia, Tenerife, Canary Islands",Natural,FTIR,FTIR,IHPV,F4a,1200,5,A,4110,20,A,7.35,0.48,A,0,0,A,48.21,0.29,A,16.16,0.11,A,3.24,0.13,A,7.88,0.06,A,11.37,0.06,A,3.04,0.11,A,7.41,0.15,A,0.1,0.05,A,1.65,0.06,A,0.93,0.16,A,,,,3.22,NNO,,NR,1,,NR,0,,NR,F,99.99,48.21482148,4.890489049,circle,#ece133,N,N,N,N,N,Dixon,4194.182941,412.129572,1,0,0,0
Jiménez-Mejías et al. (2021),10.5802/crgeos.84,Basanite,"Fasnia, Tenerife, Canary Islands",Natural,EA,FTIR,IHPV,F4b,1200,5,A,3970,20,A,7.26,0.35,A,0,0,A,44.6,0.28,A,15.12,0.16,A,3.99,0.12,A,7.77,0.14,A,10.67,0.17,A,3.54,0.18,A,11.82,0.23,A,0.2,0.08,A,1.63,0.09,A,0.67,0.13,A,,,,1.2,NNO,,NR,1,,NR,0,,NR,F,100.01,44.59554045,5.619438056,circle,#ece133,N,N,N,N,N,Dixon,4887.979053,349.6979445,1,0,0,0
Jiménez-Mejías et al. (2021),10.5802/crgeos.84,Basanite,"Fasnia, Tenerife, Canary Islands",Natural,FTIR,FTIR,IHPV,FC05,1200,5,A,600,20,A,1.19,0.1,A,484,35,A,45.01,0.31,A,15.24,0.23,A,3.89,0.1,A,7.99,0.06,A,10.71,0.12,A,3.58,0.11,A,10.93,0.35,A,0.21,0.12,A,1.69,0.1,A,0.74,0.15,A,,,,0.37,NNO,,NR,0.266,,NR,0.734,,NR,F,99.99,45.01450145,5.580558056,circle,#ece133,N,N,N,N,N,Dixon,547.7201584,46.00968177,0.315650294,0.042685855,0.684349706,0.042685855
Jiménez-Mejías et al. (2021),10.5802/crgeos.84,Basanite,"Fasnia, Tenerife, Canary Islands",Natural,FTIR,FTIR,IHPV,FC1c,1200,5,A,1130,20,A,1.49,0.12,A,1205,55,A,45.18,0.32,A,15.37,0.14,A,3.96,0.07,A,8.1,0.08,A,10.72,0.13,A,3.62,0.18,A,10.51,0.36,A,0.21,0.09,A,1.58,0.09,A,0.77,0.17,A,,,,0.14,NNO,,NR,0.214,,NR,0.786,,NR,T,100.02,45.17096581,5.538892222,circle,#ece133,N,N,N,N,N,Dixon,1228.907814,78.61991838,0.234622452,0.032301824,0.765377548,0.032301824
Jiménez-Mejías et al. (2021),10.5802/crgeos.84,Basanite,"Fasnia, Tenerife, Canary Islands",Natural,FTIR,FTIR,IHPV,FC2b,1200,5,A,2100,20,A,1.7,0.14,A,2713,138,A,45.51,0.33,A,15.38,0.3,A,3.92,0.12,A,8.2,0.15,A,10.77,0.09,A,3.69,0.16,A,9.97,0.27,A,0.13,0.1,A,1.64,0.1,A,0.79,0.09,A,,,,-0.3,NNO,,NR,0.145,,NR,0.855,,NR,F,100,45.51,5.56,circle,#ece133,N,N,N,N,N,Dixon,2505.09953,158.5068055,0.160907168,0.024561382,0.839092832,0.024561382
Jiménez-Mejías et al. (2021),10.5802/crgeos.84,Basanite,"Fasnia, Tenerife, Canary Islands",Natural,FTIR,FTIR,IHPV,FC3b,1200,5,A,2940,20,A,1.72,0.11,A,4209,169,A,45.21,0.32,A,15.39,0.14,A,4,0.07,A,8.12,0.08,A,10.77,0.13,A,3.55,0.18,A,10.5,0.36,A,0.21,0.09,A,1.61,0.09,A,0.65,0.17,A,,,,-0.73,NNO,,NR,0.102,,NR,0.898,,NR,F,100.01,45.20547945,5.609439056,circle,#ece133,N,N,N,N,N,Dixon,3412.418054,186.1047825,0.128006275,0.016291256,0.871993725,0.016291256
Jiménez-Mejías et al. (2021),10.5802/crgeos.84,Basanite,"Fasnia, Tenerife, Canary Islands",Natural,FTIR,FTIR,IHPV,FC4b,1200,5,A,3970,20,A,1.84,0.13,A,5748,287,A,45.85,0.33,A,15.54,0.3,A,3.98,0.12,A,8.12,0.15,A,10.71,0.09,A,3.58,0.16,A,9.69,0.27,A,0.18,0.1,A,1.61,0.1,A,0.75,0.09,A,,,,-1,NNO,,NR,0.08,,NR,0.92,,NR,F,100.01,45.84541546,5.589441056,circle,#ece133,N,N,N,N,N,Dixon,4733.255251,270.7772446,0.104826581,0.014941666,0.895173419,0.014941666
Jiménez-Mejías et al. (2021),10.5802/crgeos.84,Phonotephrite,"Garachico, Tenerife, Canary Islands",Natural,FTIR,FTIR,IHPV,G05,1200,5,A,520,20,A,2.35,0.25,A,0,0,A,48.46,0.25,A,17.82,0.2,A,5.18,0.1,A,4.03,0.08,A,8.6,0.07,A,2.93,0.22,A,9.47,0.26,A,0.2,0.08,A,2.19,0.11,A,1.11,0.15,A,,,,1.4,NNO,,NR,1,,NR,0,,NR,T,99.99,48.46484648,7.370737074,cross,#fbafe4,N,N,N,N,N,Dixon,562.6189381,115.0525911,1,0,0,0
Jiménez-Mejías et al. (2021),10.5802/crgeos.84,Phonotephrite,"Garachico, Tenerife, Canary Islands",Natural,FTIR,FTIR,IHPV,G1a,1200,5,A,1000,20,A,3.36,0.24,A,0,0,A,48.74,0.39,A,18.07,0.24,A,5.14,0.16,A,3.98,0.07,A,8.65,0.17,A,2.98,0.22,A,8.8,0.27,A,0.24,0.1,A,2.22,0.14,A,1.2,0.19,A,,,,3.18,NNO,,NR,1,,NR,0,,NR,F,100.02,48.73025395,7.358528294,cross,#fbafe4,N,N,N,N,N,Dixon,1096.608368,148.6066684,1,0,0,0
Jiménez-Mejías et al. (2021),10.5802/crgeos.84,Phonotephrite,"Garachico, Tenerife, Canary Islands",Natural,FTIR,FTIR,IHPV,G2a,1200,5,A,2100,20,A,5.12,0.3,A,0,0,A,48.88,0.2,A,18,0.2,A,5.02,0.24,A,4,0.08,A,8.62,0.11,A,3.05,0.2,A,8.89,0.2,A,0.19,0.05,A,2.23,0.12,A,1.11,0.2,A,,,,3.25,NNO,,NR,1,,NR,0,,NR,F,99.99,48.88488849,7.250725073,cross,#fbafe4,N,N,N,N,N,Dixon,2294.889189,228.6182576,1,0,0,0
Jiménez-Mejías et al. (2021),10.5802/crgeos.84,Phonotephrite,"Garachico, Tenerife, Canary Islands",Natural,FTIR,FTIR,IHPV,G2b,1200,5,A,2070,20,A,5.24,0.52,A,0,0,A,48.16,0.18,A,17.61,0.23,A,5.31,0.09,A,4.05,0.06,A,8.62,0.08,A,3.11,0.16,A,9.41,0.2,A,0.2,0.07,A,2.15,0.1,A,1.38,0.13,A,,,,1.38,NNO,,NR,1,,NR,0,,NR,T,100,48.16,7.46,cross,#fbafe4,N,N,N,N,N,Dixon,2476.079297,412.2967317,1,0,0,0
Jiménez-Mejías et al. (2021),10.5802/crgeos.84,Phonotephrite,"Garachico, Tenerife, Canary Islands",Natural,FTIR,FTIR,IHPV,G4a,1200,5,A,4110,20,A,7.38,0.25,A,0,0,A,48.6,0.26,A,18.09,0.23,A,5.18,0.18,A,3.99,0.07,A,8.66,0.16,A,2.98,0.22,A,8.86,0.34,A,0.25,0.09,A,2.24,0.13,A,1.16,0.17,A,,,,3.22,NNO,,NR,1,,NR,0,,NR,F,100.01,48.59514049,7.419258074,cross,#fbafe4,N,N,N,N,N,Dixon,4107.767203,211.8519243,1,0,0,0
Jiménez-Mejías et al. (2021),10.5802/crgeos.84,Phonotephrite,"Garachico, Tenerife, Canary Islands",Natural,FTIR,FTIR,IHPV,G4b,1200,5,A,4130,20,A,7.56,0.4,A,0,0,A,48.58,0.26,A,17.76,0.18,A,5.19,0.08,A,4.02,0.07,A,8.4,0.12,A,3.02,0.16,A,9.54,0.31,A,0.24,0.07,A,2.22,0.17,A,1.02,0.14,A,,,,1.2,NNO,,NR,1,,NR,0,,NR,F,99.99,48.58485849,7.410741074,cross,#fbafe4,N,N,N,N,N,Dixon,4253.395691,337.5950256,1,0,0,0
Jiménez-Mejías et al. (2021),10.5802/crgeos.84,Phonotephrite,"Garachico, Tenerife, Canary Islands",Natural,FTIR,FTIR,IHPV,GC1a,1200,5,A,1020,20,A,0.3,0.03,A,620,49,A,48.36,0.25,A,17.81,0.28,A,5.17,0.14,A,4.02,0.06,A,8.51,0.06,A,2.99,0.16,A,9.53,0.17,A,0.25,0.1,A,2.21,0.08,A,1.15,0.17,A,,,,-0.52,NNO,,NR,0.011,,NR,0.989,,NR,F,100,48.36,7.38,cross,#fbafe4,N,N,N,N,N,Dixon,1030.710285,112.9872799,0.008591415,0.001971246,0.991408585,0.001971246
Jiménez-Mejías et al. (2021),10.5802/crgeos.84,Phonotephrite,"Garachico, Tenerife, Canary Islands",Natural,FTIR,FTIR,IHPV,GC2a,1200,5,A,1940,20,A,0.19,0.02,A,1291,146,A,48.89,0.26,A,17.76,0.13,A,5.37,0.09,A,3.89,0.06,A,8.43,0.1,A,2.87,0.18,A,9.17,0.2,A,0.28,0.07,A,2.26,0.09,A,1.09,0.15,A,,,,-1.89,NNO,,NR,0.002,,NR,0.998,,NR,F,100.01,48.88511149,7.629237076,cross,#fbafe4,N,N,N,N,N,Dixon,2412.772838,292.0397302,0.001511286,0.000362785,0.998488714,0.000362785
Jiménez-Mejías et al. (2021),10.5802/crgeos.84,Phonotephrite,"Garachico, Tenerife, Canary Islands",Natural,FTIR,FTIR,IHPV,GC2b,1200,5,A,2070,20,A,1.27,0.11,A,1419,93,A,48.9,0.25,A,17.85,0.18,A,5.52,0.09,A,4.07,0.05,A,8.62,0.11,A,3.14,0.12,A,8.16,0.12,A,0.19,0.1,A,2.25,0.09,A,1.29,0.14,A,,,,-0.89,NNO,,NR,0.074,,NR,0.926,,NR,F,99.99,48.90489049,7.770777078,cross,#fbafe4,N,N,N,N,N,Dixon,2809.109139,239.9570685,0.070914075,0.013456876,0.929085925,0.013456876
Shishkina et al. (2014) Chem Geol,10.1016/j.chemgeo.2014.09.001,Basanite,Rutki-Ligota,Natural,FTIR,FTIR,IPHV,A2549 B-13,1250,10,A,500,50,A,0.87,0.12,A,614,71,A,46.05,0.23,A,12.89,0.11,A,4.01,0.11,A,11.96,0.17,A,12.32,0.34,A,2.73,0.09,A,10.09,0.57,A,0.32,0.06,A,0.98,0.05,A,,,ND,0.24,,NR,1.35,DNNO,,NR,,,ND,,,,F,101.35,45.43660582,4.923532314,square,#ece133,N,Y,N,N,N,Dixon,662.4228343,72.71152887,0.13060151,0.034922703,0.86939849,0.034922703
Shishkina et al. (2014) Chem Geol,10.1016/j.chemgeo.2014.09.001,Basanite,Rutki-Ligota,Natural,KFT,FTIR,IPHV,A2549 12,1250,10,A,1000,50,A,3.17,0.12,A,127,15,A,43.13,0.4,A,12.14,0.14,A,3.38,0.21,A,11.52,0.22,A,11.38,0.35,A,2.55,0.07,A,11.29,0.25,A,0.23,0.09,A,0.93,0.07,A,,,ND,0.44,,NR,2.77,DNNO,,NR,0.91,,NR,0.09,,CALC,F,96.55,44.67115484,4.464008286,square,#ece133,Y,Y,N,N,N,Dixon,1357.458618,93.40880981,0.945235658,0.00780958,0.054764342,0.00780958
Shishkina et al. (2014) Chem Geol,10.1016/j.chemgeo.2014.09.001,Basanite,Rutki-Ligota,Natural,KFT,ND,IPHV,A2549 B11,1250,10,A,1000,50,A,3.13,0.14,A,0,0,A,42.94,0.3,A,12.01,0.35,A,3.34,0.26,A,11.14,0.14,A,11.39,0.19,A,2.5,0.08,A,11.32,0.5,A,0.26,0.1,A,3.34,0.26,A,,,ND,0.46,,NR,2.76,DNNO,,NR,1,,NR,0,,CALC,T,98.24,43.70928339,6.799674267,square,#ece133,Y,Y,N,N,N,Dixon,1267.128758,107.5978895,1,0,0,0
Shishkina et al. (2014) Chem Geol,10.1016/j.chemgeo.2014.09.001,Basanite,Rutki-Ligota,Natural,FTIR,FTIR,IPHV,A2549 14,1250,10,A,1000,50,A,0.97,0.1,A,1771,209,A,44,0.55,A,12.35,0.21,A,3.77,0.11,A,12.12,0.15,A,12.2,0.17,A,2.57,0.07,A,10.77,0.47,A,0.26,0.1,A,0.93,0.05,A,,,ND,0.26,,NR,1.18,DNNO,,NR,0.07,,NR,0.93,,CALC,F,98.97,44.45791654,4.748913812,square,#ece133,Y,Y,N,N,N,Dixon,1288.411495,155.0351272,0.099730407,0.022927648,0.900269593,0.022927648
Shishkina et al. (2014) Chem Geol,10.1016/j.chemgeo.2014.09.001,Basanite,Rutki-Ligota,Natural,FTIR,FTIR,IPHV,A2549 13,1250,10,A,1000,50,A,0.5,0.06,A,1411,168,A,47.35,0.79,A,12.81,0.34,A,3.88,0.19,A,11.45,0.51,A,12.08,0.75,A,2.68,0.12,A,7.12,0.37,A,0.17,0.07,A,1.04,0.12,A,,,ND,0.2,,NR,0.08,DNNO,,NR,,,ND,,,,F,98.58,48.03205518,4.990870359,square,#ece133,N,Y,N,N,N,Dixon,1767.458882,385.979455,0.016685431,0.005640925,0.983314569,0.005640925
Shishkina et al. (2014) Chem Geol,10.1016/j.chemgeo.2014.09.001,Basanite,Rutki-Ligota,Natural,KFT,FTIR,IPHV,A2549 51,1250,10,A,1000,50,A,0.86,0.12,A,1500,178,A,44.75,0.25,A,12.54,0.25,A,3.6,0.24,A,11.71,0.32,A,11.88,0.13,A,2.67,0.05,A,10.68,0.45,A,0.16,0.06,A,0.95,0.05,A,,,ND,0.25,,NR,0.96,DNNO,,NR,0.03,,NR,0.97,,CALC,F,98.94,45.22943198,4.598746715,square,#ece133,Y,Y,N,N,N,Dixon,1187.993189,128.8062071,0.08056292,0.02296968,0.91943708,0.02296968
Shishkina et al. (2014) Chem Geol,10.1016/j.chemgeo.2014.09.001,Basanite,Rutki-Ligota,Natural,FTIR,FTIR,IPHV,A2549 B-4,1250,10,A,2000,50,A,0.88,0.12,A,3130,366,A,45.2,0.27,A,12.65,0.42,A,3.92,0.18,A,11.52,0.05,A,11.83,0.26,A,2.7,0.09,A,9.81,0.32,A,0.1,0.13,A,1.01,0.04,A,,,ND,0.21,,NR,0.67,DNNO,,NR,,,ND,,,,T,98.74,45.77678752,4.992910674,square,#ece133,N,Y,N,N,N,Dixon,2449.102671,271.2008336,0.043525219,0.012678174,0.956474781,0.012678174
Shishkina et al. (2014) Chem Geol,10.1016/j.chemgeo.2014.09.001,Basanite,Rutki-Ligota,Natural,FTIR,FTIR,IPHV,A2549 B-12,1250,10,A,3000,50,A,1.06,0.15,A,5509,642,A,45.31,0.42,A,12.62,0.39,A,3.92,0.17,A,11.89,0.2,A,12.06,0.2,A,2.65,0.03,A,9.89,0.32,A,0.29,0.1,A,0.96,0.04,A,,,ND,0.21,,NR,0.8,DNNO,,NR,,,ND,,,,F,99.59,45.4965358,4.900090371,square,#ece133,N,Y,N,N,N,Dixon,4108.077367,461.5956313,0.040199442,0.012424949,0.959800558,0.012424949
Shishkina et al. (2014) Chem Geol,10.1016/j.chemgeo.2014.09.001,Basanite,Rutki-Ligota,Natural,KFT,FTIR,IPHV,A2549 18,1250,10,A,5000,50,A,5.82,0.12,A,6716,795,A,41.84,0.42,A,11.61,0.16,A,3.18,0.29,A,10.64,0.34,A,11.42,0.54,A,2.49,0.07,A,10.93,0.46,A,0.15,0.12,A,0.96,0.08,A,,,ND,0.45,,NR,2.74,DNNO,,NR,0.64,,NR,0.36,,CALC,F,93.22,44.8830723,4.441107059,square,#ece133,Y,Y,N,N,N,Dixon,6859.313769,324.1320577,0.611405681,0.030989034,0.388594319,0.030989034
Shishkina et al. (2014) Chem Geol,10.1016/j.chemgeo.2014.09.001,Basanite,Rutki-Ligota,Natural,KFT,FTIR,IPHV,A2549 48,1250,10,A,5000,50,A,3.48,0.13,A,7368,885,A,42.56,0.24,A,11.85,0.21,A,3.59,0.1,A,11.16,0.16,A,11.42,0.49,A,2.52,0.05,A,10.99,0.32,A,0.22,0.18,A,0.87,0.04,A,,,ND,0.95,,NR,2.21,DNNO,,NR,0.27,,NR,0.73,,CALC,F,95.18,44.71527632,4.685858374,square,#ece133,Y,Y,N,N,N,Dixon,5212.474142,369.5502862,0.34710006,0.02818866,0.65289994,0.02818866
Shishkina et al. (2014) Chem Geol,10.1016/j.chemgeo.2014.09.001,Basanite,Rutki-Ligota,Natural,KFT,FTIR,IPHV,A2549 19,1250,10,A,5000,50,A,0.5,0.12,A,7654,895,A,44.23,0.41,A,12.53,0.14,A,3.64,0.15,A,11.73,0.22,A,12.23,0.41,A,2.73,0.05,A,9.87,0.33,A,0.24,0.13,A,1.03,0.08,A,,,ND,0.14,,NR,-0.54,DNNO,,NR,,,ND,,,,T,98.23,45.0269775,4.754148427,square,#ece133,N,Y,N,N,N,Dixon,4571.161494,486.0537469,0.008316348,0.004042614,0.991683652,0.004042614
Shishkina et al. (2014) Chem Geol,10.1016/j.chemgeo.2014.09.001,Basanite,Rutki-Ligota,Natural,KFT,FTIR,IPHV,A2549 47,1250,10,A,5000,50,A,0.27,0.12,A,7159,844,A,48.33,0.46,A,13.81,0.23,A,3.9,0.19,A,10.37,0.28,A,12.31,0.37,A,2.89,0.04,A,6.45,0.47,A,0.22,0.06,A,1.02,0.06,A,,,ND,0.13,,NR,-1.62,DNNO,,NR,,,ND,,,,F,99.3,48.67069486,4.954682779,square,#ece133,N,Y,N,N,N,Dixon,8551.587453,1133.204894,0.001198303,0.001026572,0.998801697,0.001026572
Shishkina et al. (2014) Chem Geol,10.1016/j.chemgeo.2014.09.001,Basalt,Mecinka,Natural,KFT,FTIR,IHPV,B2507 21,1250,10,A,1000,50,A,3.31,0.13,A,0,0,A,46.91,0.27,A,13.47,0.04,A,3.2,0.24,A,9.53,0.16,A,9.7,0.25,A,2.3,0.05,A,10.34,0.54,A,0.19,0.12,A,0.78,0.03,A,,,ND,0.436681223,,NR,2.786825114,DNNO,,ND,0.920343435,,NR,0.079656565,,CALC,F,96.42,48.65173201,4.127774321,triangle-up,#0173b2,Y,Y,N,N,N,Dixon,1138.83748,85.48973041,1,0,0,0
Shishkina et al. (2014) Chem Geol,10.1016/j.chemgeo.2014.09.001,Basalt,Mecinka,Natural,KFT,FTIR,IHPV,B2507 22,1250,10,A,1000,50,A,3.15,0.12,A,0,0,A,46.66,0.22,A,13.47,0.46,A,3.08,0.15,A,9.63,0.21,A,9.58,0.26,A,2.36,0.07,A,10.39,0.26,A,0.19,0.12,A,0.74,0.08,A,,,ND,0.407572816,,NR,2.736825114,DNNO,,ND,0.837457062,,NR,0.162542938,,CALC,F,96.1,48.55359001,3.975026015,triangle-up,#0173b2,Y,Y,N,N,N,Dixon,1054.78889,73.62976355,1,0,0,0
Shishkina et al. (2014) Chem Geol,10.1016/j.chemgeo.2014.09.001,Basalt,Mecinka,Natural,KFT,FTIR,IHPV,B2507 23,1250,10,A,1000,50,A,2.45,0.13,A,219,26,A,47.17,0.45,A,13.58,0.31,A,3.21,0.15,A,9.87,0.28,A,9.83,0.35,A,2.43,0.04,A,10.37,0.36,A,0.17,0.08,A,0.74,0.05,A,,,ND,0.369113573,,NR,2.416825114,DNNO,,ND,0.652798613,,NR,0.347201387,,CALC,F,97.37,48.44407929,4.056690973,triangle-up,#0173b2,Y,Y,N,N,N,Dixon,921.3119718,78.14802952,0.715313554,0.042128086,0.284686446,0.042128086
Shishkina et al. (2014) Chem Geol,10.1016/j.chemgeo.2014.09.001,Basalt,Mecinka,Natural,KFT,FTIR,IHPV,B2507 24,1250,10,A,1000,50,A,1.24,0.11,A,638,77,A,47.92,0.64,A,13.85,0.32,A,3.38,0.22,A,9.86,0.47,A,9.82,0.18,A,2.47,0.07,A,10.29,0.55,A,0.07,0.11,A,0.79,0.07,A,,,ND,0.256725459,,NR,1.476825114,DNNO,,ND,0.204915979,,NR,0.795084021,,CALC,F,98.45,48.67445404,4.235652616,triangle-up,#0173b2,Y,Y,N,N,N,Dixon,1113.339119,208.8509712,0.159954286,0.037870624,0.840045714,0.037870624
Shishkina et al. (2014) Chem Geol,10.1016/j.chemgeo.2014.09.001,Basalt,Mecinka,Natural,KFT,FTIR,IHPV,B2507 25,1250,10,A,1000,50,A,0.85,0.12,A,750,88,A,48.49,0.39,A,14.14,0.19,A,3.47,0.31,A,10.09,0.28,A,10.09,0.37,A,2.45,0.06,A,9.58,0.42,A,0.2,0.1,A,0.79,0.07,A,,,ND,0.199116821,,NR,0.916825114,DNNO,,ND,0.192078941,,NR,0.807921059,,CALC,T,99.3,48.83182276,4.290030211,triangle-up,#0173b2,Y,Y,N,N,N,Dixon,1371.530008,216.0653914,0.058434849,0.018425731,0.941565151,0.018425731
Shishkina et al. (2014) Chem Geol,10.1016/j.chemgeo.2014.09.001,Basalt,Mecinka,Natural,KFT,FTIR,IHPV,B2507 29,1250,10,A,5000,50,A,3.44,0.12,A,5440,748,A,46.42,0.3,A,13.4,0.1,A,3.06,0.13,A,9.52,0.11,A,9.42,0.18,A,2.29,0.05,A,10.18,0.39,A,0.17,0.07,A,0.76,0.05,A,,,ND,0.330850131,,NR,2.168637326,DNNO,,ND,0.308744837,,NR,0.691255163,,CALC,F,95.22,48.75026255,4.011762235,triangle-up,#0173b2,Y,Y,N,N,N,Dixon,5858.359854,561.8989095,0.254907541,0.027523379,0.745092459,0.027523379
Shishkina et al. (2014) Chem Geol,10.1016/j.chemgeo.2014.09.001,Basalt,Mecinka,Natural,KFT,FTIR,IHPV,B2507 30,1250,10,A,5000,50,A,0.65,0.12,A,5413,809,A,47.71,0.49,A,13.77,0.28,A,3.34,0.19,A,9.9,0.31,A,9.85,0.23,A,2.42,0.06,A,10.26,0.14,A,0.14,0.04,A,0.84,0.06,A,,,ND,0.211143166,,NR,-0.171362674,DNNO,,ND,0,,NR,1,,CALC,F,98.23,48.5696834,4.255319149,triangle-up,#0173b2,Y,Y,N,N,N,Dixon,6074.851234,996.084415,0.009617257,0.003951379,0.990382743,0.003951379
Shishkina et al. (2014) Chem Geol,10.1016/j.chemgeo.2014.09.001,Basalt,MORB: Mid-Atlantic Ridge,Natural,KFT,FTIR,IHPV,169oxi-20,1200,10,A,5000,50,A,8.85,0.1,A,0,0,A,45.59,0.22,A,16.25,0.21,A,2.45,0.21,A,6.17,0.11,A,11.53,0.21,A,1.2,0.04,A,8.3,0.13,A,0.21,0.05,A,0.26,0.03,A,,,ND,,,ND,3.086497903,DNNO,,ND,1,,NR,0,,CALC,F,91.96,49.57590257,2.946933449,triangle-down,#0173b2,Y,Y,N,N,N,Dixon,6122.951839,116.174262,1,0,0,0
Shishkina et al. (2014) Chem Geol,10.1016/j.chemgeo.2014.09.001,Basalt,MORB: Mid-Atlantic Ridge,Natural,KFT,FTIR,IHPV,169oxi-19,1200,10,A,5000,50,A,7.36,0.07,A,1190,75,A,46.76,0.28,A,16.51,0.19,A,2.42,0.13,A,6.61,0.57,A,11.47,0.45,A,1.21,0.05,A,8.32,0.47,A,0.21,0.07,A,0.23,0.03,A,,,ND,,,ND,2.896497903,DNNO,,ND,0.553111251,,NR,0.446888749,,CALC,T,93.74,49.88265415,2.82696821,triangle-down,#0173b2,Y,Y,N,N,N,Dixon,5585.878381,88.42444505,0.818274787,0.014659306,0.181725213,0.014659306
Shishkina et al. (2014) Chem Geol,10.1016/j.chemgeo.2014.09.001,Basalt,MORB: Mid-Atlantic Ridge,Natural,KFT,FTIR,IHPV,169oxi-18,1200,10,A,5000,50,A,5.99,0.09,A,2895,183,A,47.83,0.24,A,16.72,0.17,A,2.56,0.05,A,6.42,0.13,A,11.69,0.08,A,1.31,0.06,A,8.43,0.23,A,0.21,0.06,A,0.25,0.04,A,,,ND,,,ND,2.696497903,DNNO,,ND,0.45915797,,NR,0.54084203,,CALC,F,95.42,50.1257598,2.944875288,triangle-down,#0173b2,Y,Y,N,N,N,Dixon,6452.867108,250.3181193,0.517511242,0.023194225,0.482488758,0.023194225
Shishkina et al. (2014) Chem Geol,10.1016/j.chemgeo.2014.09.001,Basalt,Mecinka,Natural,KFT,FTIR,IHPV,B2518 2,1250,10,A,1000,50,A,3.38,0.13,A,0,0,A,45.5,0.46,A,13.86,0.23,A,3.46,0.33,A,8.09,0.21,A,10.23,0.36,A,2.62,0.08,A,11.81,0.3,A,0.07,0.09,A,0.97,0.06,A,,,ND,0.4441331,,NR,2.816825114,DNNO,,ND,0.985416346,,NR,0.014583654,,CALC,T,96.61,47.09657385,4.585446641,pentagon,#0173b2,Y,Y,N,N,N,Dixon,1273.241725,95.5371929,1,0,0,0
Shishkina et al. (2014) Chem Geol,10.1016/j.chemgeo.2014.09.001,Basalt,Mecinka,Natural,KFT,FTIR,IHPV,B2518 1,1250,10,A,1000,50,A,3.1,0.12,A,0,0,A,45.64,0.37,A,13.81,0.27,A,3.28,0.22,A,8.09,0.19,A,10.27,0.07,A,2.57,0.06,A,11.22,0.5,A,0.15,0.04,A,1,0.08,A,,,ND,0.4589169,,NR,2.706825114,DNNO,,ND,0.850716593,,NR,0.149283407,,CALC,F,96.03,47.52681454,4.456940539,pentagon,#0173b2,Y,Y,N,N,N,Dixon,1076.194978,78.17976708,1,0,0,0
Shishkina et al. (2014) Chem Geol,10.1016/j.chemgeo.2014.09.001,Basalt,Mecinka,Natural,KFT,FTIR,IHPV,B2518 3,1250,10,A,1000,50,A,2.29,0.12,A,284,33,A,46.45,0.56,A,14.05,0.23,A,3.38,0.21,A,8.19,0.25,A,10.47,0.33,A,2.6,0.05,A,11.27,0.51,A,0.16,0.05,A,1.03,0.04,A,,,ND,0.383404619,,NR,2.336825114,DNNO,,ND,0.558451219,,NR,0.441548781,,CALC,T,97.6,47.59221311,4.518442623,pentagon,#0173b2,Y,Y,N,N,N,Dixon,886.0052301,73.26288487,0.674866952,0.045931463,0.325133048,0.045931463
Shishkina et al. (2014) Chem Geol,10.1016/j.chemgeo.2014.09.001,Basalt,Mecinka,Natural,FTIR,FTIR,IHPV,B2518 4,1250,10,A,1000,50,A,1.31,0.13,A,648,76,A,47.24,0.42,A,14.29,0.2,A,3.25,0.18,A,8.3,0.23,A,10.77,0.29,A,2.66,0.05,A,10.98,0.5,A,0.12,0.09,A,1.03,0.06,A,,,ND,0.30449827,,NR,1.566825114,DNNO,,ND,0.2,,NR,0.8,,CALC,F,98.64,47.89132198,4.339010543,pentagon,#0173b2,Y,Y,N,N,N,Dixon,978.7766836,129.1892325,0.205096512,0.043446822,0.794903488,0.043446822
Shishkina et al. (2014) Chem Geol,10.1016/j.chemgeo.2014.09.001,Basalt,Mecinka,Natural,KFT,FTIR,IHPV,B2518 54,1250,10,A,1000,50,A,0.88,0.11,A,706,82,A,47.29,0.42,A,14.45,0.19,A,3.46,0.1,A,8.22,0.26,A,10.72,0.31,A,2.67,0.05,A,10.85,0.3,A,0.21,0.08,A,1,0.04,A,,,ND,0.270575382,,NR,0.976825114,DNNO,,ND,0.113240317,,NR,0.886759683,,CALC,F,98.87,47.83048447,4.510974006,pentagon,#0173b2,Y,Y,N,N,N,Dixon,950.6286597,132.3406087,0.091896393,0.024147563,0.908103607,0.024147563
Shishkina et al. (2014) Chem Geol,10.1016/j.chemgeo.2014.09.001,Basalt,Mecinka,Natural,KFT,FTIR,IHPV,B2518 50,1250,10,A,1000,50,A,0.85,0.11,A,518,69,A,47.44,0.4,A,14.22,0.14,A,3.34,0.2,A,8.22,0.12,A,10.74,0.32,A,2.73,0.09,A,10.37,0.46,A,0.14,0.11,A,1.01,0.08,A,,,ND,0.241725549,,NR,0.916825114,DNNO,,ND,0.111668521,,NR,0.888331479,,CALC,F,98.21,48.30465329,4.429284187,pentagon,#0173b2,Y,Y,N,N,N,Dixon,739.7661316,121.1389258,0.108385193,0.032382714,0.891614807,0.032382714
Shishkina et al. (2014) Chem Geol,10.1016/j.chemgeo.2014.09.001,Basalt,Mecinka,Natural,KFT,FTIR,IHPV,B2518 9,1250,10,A,5000,50,A,3.34,0.12,A,4517,526,A,45.54,0.11,A,13.69,0.27,A,3.11,0.2,A,7.99,0.17,A,10.04,0.12,A,2.54,0.1,A,11.21,0.42,A,0.17,0.16,A,1,0.03,A,,,ND,0.359770115,,NR,2.128637326,DNNO,,ND,0.240662766,,NR,0.759337234,,CALC,F,95.29,47.79095393,4.313149334,pentagon,#0173b2,Y,Y,N,N,N,Dixon,4686.240198,353.7715746,0.308937258,0.026322889,0.691062742,0.026322889
Shishkina et al. (2014) Chem Geol,10.1016/j.chemgeo.2014.09.001,Basalt,"Mont Crozier, Kerguelen Island",Natural,KFT,FTIR,IHPV,OB93-5,1200,10,A,5000,50,A,7.96,0.1,A,729,36,A,45.02,0.32,A,14.92,0.23,A,2.5,0.12,A,5.25,0.14,A,9.06,0.22,A,2.5,0.09,A,10.6,0.4,A,0.16,0.12,A,0.97,0.05,A,,,ND,,,ND,2.986497903,DNNO,,ND,0.861041293,,NR,0.138958707,,CALC,T,90.98,49.48340295,3.81402506,cross,#0173b2,Y,Y,N,N,N,Dixon,5937.131845,118.9148684,0.925692466,0.006029549,0.074307534,0.006029549
Shishkina et al. (2014) Chem Geol,10.1016/j.chemgeo.2014.09.001,Basalt,"Mont Crozier, Kerguelen Island",Natural,KFT,FTIR,IHPV,OB93-4,1200,10,A,5000,50,A,7.45,0.1,A,1336,124,A,45.5,0.34,A,15.19,0.24,A,2.46,0.21,A,5.24,0.18,A,8.97,0.31,A,2.56,0.08,A,10.47,0.5,A,0.17,0.07,A,0.98,0.04,A,,,ND,,,ND,2.916497903,DNNO,,ND,0.511627907,,NR,0.488372093,,CALC,F,91.54,49.70504697,3.757920035,cross,#0173b2,Y,Y,N,N,N,Dixon,5805.766892,133.125214,0.846599288,0.015156157,0.153400712,0.015156157
Shishkina et al. (2014) Chem Geol,10.1016/j.chemgeo.2014.09.001,Basalt,"Mont Crozier, Kerguelen Island",Natural,KFT,FTIR,IHPV,OB93-3,1200,10,A,5000,50,A,5.44,0.1,A,2491,101,A,46.21,0.44,A,15.3,0.27,A,2.6,0.18,A,5.42,0.26,A,9.17,0.23,A,2.62,0.09,A,10.59,0.43,A,0.13,0.1,A,0.97,0.04,A,,,ND,,,ND,2.616497903,DNNO,,ND,0.566495002,,NR,0.433504998,,CALC,F,93.01,49.6828298,3.838296957,cross,#0173b2,Y,Y,N,N,N,Dixon,5024.429062,153.7503698,0.609014247,0.025813283,0.390985753,0.025813283
Shishkina et al. (2014) Chem Geol,10.1016/j.chemgeo.2014.09.001,Basalt,"Mont Crozier, Kerguelen Island",Natural,KFT,FTIR,IHPV,OB93-2,1200,10,A,5000,50,A,3.15,0.1,A,3239,205,A,46.91,0.58,A,15.42,0.37,A,2.66,0.14,A,5.65,0.19,A,9.16,0.21,A,2.63,0.1,A,10.75,0.38,A,0.16,0.12,A,1.01,0.05,A,,,ND,,,ND,2.036497903,DNNO,,ND,0.208136235,,NR,0.791863765,,CALC,T,94.35,49.7191309,3.889772125,cross,#0173b2,Y,Y,N,N,N,Dixon,4312.888673,385.352869,0.290939267,0.031506455,0.709060733,0.031506455
Shishkina et al. (2014) Chem Geol,10.1016/j.chemgeo.2014.09.001,Trachybasalt,Etna,Natural,KFT,FTIR,IHPV,Etna-11,1200,10,A,5000,50,A,8.78,0.12,A,0,0,A,44.3,0.26,A,15.14,0.26,A,3.22,0.1,A,5.06,0.08,A,10.07,0.24,A,1.65,0.02,A,9.76,0.41,A,0.18,0.12,A,1.79,0.08,A,,,ND,,,ND,3.066497903,DNNO,,ND,1,,NR,0,,CALC,F,91.17,48.59054514,5.495228694,square,#56b4e9,Y,Y,N,N,N,Dixon,6478.126662,152.1238098,1,0,0,0
Shishkina et al. (2014) Chem Geol,10.1016/j.chemgeo.2014.09.001,Trachybasalt,Etna,Natural,KFT,FTIR,IHPV,Etna-15,1200,10,A,5000,50,A,7.19,0.08,A,2156,90,A,44.81,0.65,A,15.38,0.21,A,2.7,0.18,A,5.34,0.16,A,9.89,0.25,A,1.57,0.08,A,9.14,0.46,A,0.17,0.05,A,1.72,0.19,A,,,ND,,,ND,2.876497903,DNNO,,ND,0.818278427,,NR,0.181721573,,CALC,T,90.72,49.39373898,4.872134039,square,#56b4e9,Y,Y,N,N,N,Dixon,6134.330002,95.73282403,0.795221943,0.022290359,0.204778057,0.022290359
Shishkina et al. (2014) Chem Geol,10.1016/j.chemgeo.2014.09.001,Trachybasalt,Etna,Natural,KFT,FTIR,IHPV,Etna-14,1200,10,A,5000,50,A,4.61,0.11,A,3666,174,A,45.44,0.58,A,15.46,0.3,A,3.04,0.22,A,5.67,0.15,A,10,0.39,A,1.59,0.08,A,9.33,0.42,A,0.22,0.1,A,1.75,0.19,A,,,ND,,,ND,2.436497903,DNNO,,ND,0.502250804,,NR,0.497749196,,CALC,T,92.5,49.12432432,5.178378378,square,#56b4e9,Y,Y,N,N,N,Dixon,4992.00866,226.4461367,0.498268264,0.03156387,0.501731736,0.03156387
Shishkina et al. (2014) Chem Geol,10.1016/j.chemgeo.2014.09.001,Trachybasalt,Etna,Natural,KFT,FTIR,IHPV,Etna-13,1200,10,A,5000,50,A,2.22,0.12,A,4609,193,A,46.97,0.66,A,15.88,0.25,A,3.45,0.26,A,5.91,0.21,A,10.38,0.25,A,1.7,0.07,A,9.85,0.49,A,0.24,0.17,A,1.94,0.16,A,,,ND,,,ND,1.586497903,DNNO,,ND,0.273631841,,NR,0.726368159,,CALC,F,96.32,48.76453488,5.595930233,square,#56b4e9,Y,Y,N,N,N,Dixon,5007.55979,607.2790998,0.137616161,0.021678726,0.862383839,0.021678726
Botcharnikov et al. (2005),10.4401/ag-3224,Ferrobasalt,Skaergaard intrusion,Synthetic,FTIR,ND,IHPV,SC1 B17,1200,3,A,2000,10,A,4.67,0.1,A,0,0,A,48.34,0.29,A,14.61,0.13,A,2.6,0.11,A,6.4,0.11,A,10.87,0.15,A,2.86,0.05,A,12.91,0.28,A,0,0,A,0.3,0.03,A,,,ND,,,ND,,,,NR,1,,NR,0,,CALC,F,98.89,48.88259682,2.93255132,star,#0173b2,Y,Y,Y,N,N,Dixon,1996.529378,76.79391865,1,0,0,0
Botcharnikov et al. (2005),10.4401/ag-3224,Ferrobasalt,Skaergaard intrusion,Synthetic,FTIR,FTIR,IHPV,SC1 B21,1200,3,A,2000,10,A,2.9,0.08,A,814,115,A,48.34,0.29,A,14.61,0.13,A,2.6,0.11,A,6.4,0.11,A,10.87,0.15,A,2.86,0.05,A,12.91,0.28,A,0,0,A,0.3,0.03,A,,,ND,,,ND,,,,NR,0.55,,NR,0.45,,CALC,F,98.89,48.88259682,2.93255132,star,#0173b2,Y,Y,Y,N,N,Dixon,2210.738591,220.7186129,0.427953644,0.040932776,0.572046356,0.040932776
Botcharnikov et al. (2005),10.4401/ag-3224,Ferrobasalt,Skaergaard intrusion,Synthetic,FTIR,FTIR,IHPV,SC1 B10,1200,3,A,2000,10,A,2.43,0.11,A,782,64,A,48.34,0.29,A,14.61,0.13,A,2.6,0.11,A,6.4,0.11,A,10.87,0.15,A,2.86,0.05,A,12.91,0.28,A,0,0,A,0.3,0.03,A,,,ND,,,ND,,,,NR,0.44,,NR,0.56,,CALC,F,98.89,48.88259682,2.93255132,star,#0173b2,Y,Y,Y,N,N,Dixon,1913.970684,166.0513096,0.353443743,0.033133878,0.646556257,0.033133878
Botcharnikov et al. (2005),10.4401/ag-3224,Ferrobasalt,Skaergaard intrusion,Synthetic,FTIR,FTIR,IHPV,SC1 B19,1200,3,A,2000,10,A,1.85,0.13,A,794,147,A,48.34,0.29,A,14.61,0.13,A,2.6,0.11,A,6.4,0.11,A,10.87,0.15,A,2.86,0.05,A,12.91,0.28,A,0,0,A,0.3,0.03,A,,,ND,,,ND,,,,NR,0.22,,NR,0.78,,CALC,F,98.89,48.88259682,2.93255132,star,#0173b2,Y,Y,Y,N,N,Dixon,1656.867924,263.7336749,0.244408006,0.044515569,0.755591994,0.044515569
Botcharnikov et al. (2005),10.4401/ag-3224,Ferrobasalt,Skaergaard intrusion,Synthetic,FTIR,FTIR,IHPV,SC1 B6,1200,3,A,2000,10,A,2,0.12,A,992,109,A,48.34,0.29,A,14.61,0.13,A,2.6,0.11,A,6.4,0.11,A,10.87,0.15,A,2.86,0.05,A,12.91,0.28,A,0,0,A,0.3,0.03,A,,,ND,,,ND,,,,NR,0.24,,NR,0.76,,CALC,T,98.89,48.88259682,2.93255132,star,#0173b2,Y,Y,Y,N,N,Dixon,2038.728099,217.0010233,0.234020564,0.031347678,0.765979436,0.031347678
Botcharnikov et al. (2005),10.4401/ag-3224,Ferrobasalt,Skaergaard intrusion,Synthetic,FTIR,FTIR,IHPV,SC1 B9,1200,3,A,2000,10,A,1.14,0.05,A,1033,66,A,48.34,0.29,A,14.61,0.13,A,2.6,0.11,A,6.4,0.11,A,10.87,0.15,A,2.86,0.05,A,12.91,0.28,A,0,0,A,0.3,0.03,A,,,ND,,,ND,,,,NR,0.07,,NR,0.93,,CALC,F,98.89,48.88259682,2.93255132,star,#0173b2,Y,Y,Y,N,N,Dixon,1790.982321,184.3210299,0.085862185,0.011099366,0.914137815,0.011099366
Botcharnikov et al. (2005),10.4401/ag-3224,Ferrobasalt,Skaergaard intrusion,Synthetic,FTIR,FTIR,IHPV,SC1 B22,1200,3,A,2000,10,A,0.94,0.06,A,1006,52,A,48.34,0.29,A,14.61,0.13,A,2.6,0.11,A,6.4,0.11,A,10.87,0.15,A,2.86,0.05,A,12.91,0.28,A,0,0,A,0.3,0.03,A,,,ND,,,ND,,,,NR,0.06,,NR,0.94,,CALC,T,98.89,48.88259682,2.93255132,star,#0173b2,Y,Y,Y,N,N,Dixon,1709.290506,174.3586995,0.059736659,0.009500396,0.940263341,0.009500396
Botcharnikov et al. (2005),10.4401/ag-3224,Ferrobasalt,Skaergaard intrusion,Synthetic,FTIR,FTIR,IHPV,SC1 B7,1200,3,A,2000,10,A,0.97,0.05,A,976,174,A,48.34,0.29,A,14.61,0.13,A,2.6,0.11,A,6.4,0.11,A,10.87,0.15,A,2.86,0.05,A,12.91,0.28,A,0,0,A,0.3,0.03,A,,,ND,,,ND,,,,NR,0.08,,NR,0.92,,CALC,F,98.89,48.88259682,2.93255132,star,#0173b2,Y,Y,Y,N,N,Dixon,1652.89403,297.6152134,0.067069493,0.013527251,0.932930507,0.013527251
Botcharnikov et al. (2005),10.4401/ag-3224,Ferrobasalt,Skaergaard intrusion,Synthetic,FTIR,FTIR,IHPV,SC1 B8,1200,3,A,2000,10,A,0.82,0.05,A,1061,75,A,48.34,0.29,A,14.61,0.13,A,2.6,0.11,A,6.4,0.11,A,10.87,0.15,A,2.86,0.05,A,12.91,0.28,A,0,0,A,0.3,0.03,A,,,ND,,,ND,,,,NR,0.05,,NR,0.95,,CALC,T,98.89,48.88259682,2.93255132,star,#0173b2,Y,Y,Y,N,N,Dixon,1780.153666,197.7362746,0.043451838,0.006947669,0.956548162,0.006947669
Botcharnikov et al. (2005),10.4401/ag-3224,Ferrobasalt,Skaergaard intrusion,Synthetic,FTIR,FTIR,IHPV,SC1 B20,1200,3,A,2000,10,A,0.72,0.05,A,1059,59,A,48.34,0.29,A,14.61,0.13,A,2.6,0.11,A,6.4,0.11,A,10.87,0.15,A,2.86,0.05,A,12.91,0.28,A,0,0,A,0.3,0.03,A,,,ND,,,ND,,,,NR,0.02,,NR,0.98,,CALC,F,98.89,48.88259682,2.93255132,star,#0173b2,Y,Y,Y,N,N,Dixon,1745.942943,185.3664095,0.033558725,0.005862106,0.966441275,0.005862106
Shishkina et al. (2014),10.1016/j.chemgeo.2014.09.001,Ferrobasalt,Skaergaard intrusion,Synthetic,KFT,ND,IHPV,SC1 B156,1200,10,A,5000,50,A,9.02,0.11,A,0,,ND,48.88,0,A,14.77,0,A,2.63,0,A,6.47,0,A,10.99,0,A,2.89,0,A,13.05,0,A,0,0,A,0.3,0,A,,,ND,,,ND,,,,NR,0.942184154,,NR,0.057815846,,CALC,F,99.98,48.88977796,2.930586117,star,#0173b2,Y,Y,N,N,N,Dixon,5405.548142,94.66761656,1,0,0,0
Shishkina et al. (2014),10.1016/j.chemgeo.2014.09.001,Ferrobasalt,Skaergaard intrusion,Synthetic,KFT,FTIR,IHPV,SC1 B157,1200,10,A,5000,50,A,8.18,0.11,A,1258,117,A,48.88,0,A,14.77,0,A,2.63,0,A,6.47,0,A,10.99,0,A,2.89,0,A,13.05,0,A,0,0,A,0.3,0,A,,,ND,,,ND,,,,NR,0.760638298,,NR,0.239361702,,CALC,F,99.98,48.88977796,2.930586117,star,#0173b2,Y,Y,N,N,N,Dixon,6778.23343,182.1716653,0.717405849,0.017541094,0.282594151,0.017541094
Shishkina et al. (2014),10.1016/j.chemgeo.2014.09.001,Ferrobasalt,Skaergaard intrusion,Synthetic,KFT,FTIR,IHPV,SC1 B158,1200,10,A,5000,50,A,5.54,0.14,A,2746,206,A,47.18,0.33,A,13.92,0.15,A,2.64,0.04,A,5.82,0.2,A,10.34,0.3,A,2.76,0.05,A,12.18,0.34,A,0.01,0.02,A,0.34,0.03,A,,,ND,,,ND,2.666497903,DNNO,,ND,0.55425136,,NR,0.44574864,,CALC,F,95.19,49.56402984,3.130580943,star,#0173b2,Y,Y,N,N,N,Dixon,5623.574437,264.3552941,0.541343199,0.028429185,0.458656801,0.028429185
Shishkina et al. (2014),10.1016/j.chemgeo.2014.09.001,Ferrobasalt,Skaergaard intrusion,Synthetic,KFT,FTIR,IHPV,SC1 B160,1200,10,A,5000,50,A,1.18,0.1,A,4384,228,A,48.88,0,A,14.77,0,A,2.63,0,A,6.47,0,A,10.99,0,A,2.89,0,A,13.05,0,A,0,0,A,0.3,0,A,,,ND,,,ND,,,,NR,0.04359673,,NR,0.95640327,,CALC,F,99.98,48.88977796,2.930586117,star,#0173b2,Y,Y,N,N,N,Dixon,6814.95304,255.6763277,0.027291661,0.004804392,0.972708339,0.004804392
Shishkina et al. (2014),10.1016/j.chemgeo.2014.09.001,Nephelinite,Gracze,Natural,FTIR,FTIR,IHPV,E2624 B-15,1250,10,A,500,50,A,0.86,0.12,A,945,111,A,44.61,0.49,A,12.11,0.08,A,4,0.3,A,12.1,0.5,A,13.99,0.05,A,2.46,0.05,A,9.24,0.23,A,0.19,0.08,A,1.04,0.04,A,,,ND,0.101468625,,NR,1.360348587,DNNO,,ND,,,ND,1,,CALC,T,99.74,44.72628835,5.053138159,diamond,#ece133,N,Y,N,N,N,Dixon,781.7257168,98.12146696,0.120048391,0.034874627,0.879951609,0.034874627
Shishkina et al. (2014),10.1016/j.chemgeo.2014.09.001,Nephelinite,Gracze,Natural,KFT,FTIR,IHPV,E2624 31,1250,10,A,1000,50,A,3.19,0.13,A,0,0,A,41.54,0.36,A,11.35,0.04,A,3.42,0.23,A,12.23,0.25,A,13.03,0.32,A,2.26,0.03,A,10.24,0.34,A,0.2,0.09,A,0.86,0.08,A,,,ND,0.50114336,,NR,2.796825114,DNNO,,ND,0.989339801,,NR,0.010660199,,CALC,F,95.13,43.66656155,4.499106486,diamond,#ece133,Y,Y,N,N,N,Dixon,1420.502517,115.0904764,1,0,0,0
Shishkina et al. (2014),10.1016/j.chemgeo.2014.09.001,Nephelinite,Gracze,Natural,KFT,FTIR,IHPV,E2624 33,1250,10,A,1000,50,A,2.69,0.12,A,1090,133,A,42.04,0.41,A,11.33,0.23,A,3.46,0.31,A,12.6,0.29,A,13.05,0.27,A,2.3,0.06,A,10.22,0.4,A,0.2,0.12,A,0.92,0.07,A,,,ND,0.33133852,,NR,2.606825114,DNNO,,ND,0.602813118,,NR,0.397186882,,CALC,F,96.12,43.73699542,4.556803995,diamond,#ece133,Y,Y,N,N,N,Dixon,1601.710157,110.0843415,0.65181428,0.035737585,0.34818572,0.035737585
Shishkina et al. (2014),10.1016/j.chemgeo.2014.09.001,Nephelinite,Gracze,Natural,KFT,FTIR,IHPV,E2624 35,1250,10,A,1000,50,A,0.54,0.11,A,2868,364,A,44.09,0.53,A,12.33,0.27,A,3.77,0.21,A,11.61,0.32,A,14.29,0.18,A,2.5,0.1,A,9.07,0.13,A,0.23,0.11,A,0.94,0.06,A,,,ND,0.251528568,,NR,0.266825114,DNNO,,ND,,,ND,,,,F,98.83,44.61195993,4.765759385,diamond,#ece133,N,Y,N,N,N,Dixon,1903.953902,239.0185876,0.020950938,0.008987166,0.979049062,0.008987166
Shishkina et al. (2014),10.1016/j.chemgeo.2014.09.001,Nephelinite,Gracze,Natural,FTIR,FTIR,IHPV,E2624 B-3,1250,10,A,2000,50,A,1.13,0.16,A,3407,416,A,42.32,0.01,R,11.8,0.01,R,3.72,0.01,R,13.31,0.01,R,13.23,0.01,R,2.26,0.01,R,11,0.01,R,0.19,0.01,R,0.96,0.01,R,,,ND,0.148058252,,NR,0.969778167,DNNO,,ND,,,ND,,,,F,98.79,42.83834396,4.737321591,diamond,#ece133,N,Y,N,N,N,Dixon,1959.322739,219.4409667,0.104157616,0.029957654,0.895842384,0.029957654
Shishkina et al. (2014),10.1016/j.chemgeo.2014.09.001,Nephelinite,Gracze,Natural,FTIR,FTIR,IHPV,E2624  B-11,1250,10,A,3000,50,A,1.02,0.14,A,7658,899,A,43.79,0.43,A,12.1,0.33,A,3.96,0.17,A,11.68,0.37,A,13.84,0.22,A,2.47,0.07,A,8.96,0.56,A,0.26,0.09,A,1.03,0.06,A,,,ND,0.2,,NR,0.77273122,DNNO,,ND,,,ND,,,,F,98.09,44.64267509,5.087164849,diamond,#ece133,N,Y,N,N,N,Dixon,4426.989241,470.5925513,0.037561338,0.011378243,0.962438662,0.011378243
Shishkina et al. (2014),10.1016/j.chemgeo.2014.09.001,Nephelinite,Gracze,Natural,KFT,FTIR,IHPV,E2624  38,1250,10,A,5000,50,A,5.86,0.14,A,8549,992,A,40.21,0.4,A,10.73,0.24,A,3.35,0.24,A,12.07,0.23,A,12.39,0.3,A,2.24,0.04,A,9.65,0.4,A,0.14,0.09,A,0.84,0.06,A,,,ND,0.511451758,,NR,2.778637326,DNNO,,ND,0.55408239,,NR,0.44591761,,CALC,T,91.62,43.88779742,4.573237284,diamond,#ece133,Y,Y,N,N,N,Dixon,7490.591989,332.8680169,0.625276777,0.030437367,0.374723223,0.030437367
Shishkina et al. (2014),10.1016/j.chemgeo.2014.09.001,Nephelinite,Gracze,Natural,KFT,FTIR,IHPV,E2624 40,1250,10,A,5000,50,A,1.12,0.12,A,13905,992,A,43.12,0.23,A,12.27,0.19,A,3.79,0.12,A,11.11,0.24,A,14.06,0.41,A,2.43,0.01,A,9.58,0.33,A,0.08,0.1,A,0.93,0.07,A,,,ND,0.223350254,,NR,0.728637326,DNNO,,ND,,,ND,,,,F,97.37,44.28468728,4.84748896,diamond,#ece133,N,Y,N,N,N,Dixon,6633.132122,372.9074424,0.032020072,0.007289898,0.967979928,0.007289898
Iacovino et al. (2013),10.1007/s00410-013-0877-2,Phonotephrite,Erebus,Natural,FTIR,FTIR,PC,AW12,1190,10,A,4970,100,A,2.11,0.1,R,5100,0.1,R,48.78,0.01,R,19.11,0.01,R,5.8,0.01,R,2.71,0.01,R,7.75,0.01,R,2.59,0.01,R,8.37,0.01,R,,,ND,2.62,0.01,R,,,ND,,,ND,-2,NNO,NR,NR,0.063,,NR,0.937,,CALC,F,97.73,49.91302568,8.615573519,triangle-up,#fbafe4,Y,N,N,N,N,Dixon,7470.600416,816.1510344,0.081204223,0.017349851,0.918795777,0.017349851
Iacovino et al. (2013),10.1007/s00410-013-0877-2,Phonotephrite,Erebus,Natural,FTIR,FTIR,PC,AW19,1190,10,A,4000,100,A,1.69,0.1,R,3440,0.1,R,48.78,0.01,R,19.11,0.01,R,5.8,0.01,R,2.71,0.01,R,7.75,0.01,R,2.59,0.01,R,7.95,0.01,R,,,ND,2.62,0.01,R,,,ND,,,ND,-1,NNO,NR,NR,0.12,,NR,0.88,,CALC,T,97.31,50.12845545,8.652759223,triangle-up,#fbafe4,Y,N,N,N,N,Dixon,5536.244309,662.0202148,0.070145083,0.016802594,0.929854917,0.016802594
Iacovino et al. (2013),10.1007/s00410-013-0877-2,Phonotephrite,Erebus,Natural,FTIR,FTIR,PC,AW27,1190,10,A,3990,100,A,2.28,0.1,R,3150,0.1,R,48.78,0.01,R,19.11,0.01,R,5.8,0.01,R,2.71,0.01,R,7.75,0.01,R,2.59,0.01,R,8.88,0.01,R,,,ND,2.62,0.01,R,,,ND,,,ND,,,ND,ND,0.57,,NR,0.43,,CALC,F,98.24,49.65390879,8.570846906,triangle-up,#fbafe4,Y,N,N,N,N,Dixon,5432.411937,614.2616408,0.126393491,0.025502082,0.873606509,0.025502082
Lesne et al. (2010),10.1007/s00410-010-0588-x,Trachybasalt,Etna,Natural,KFT,ND,IHPV,Run3#2,1200,10,A,524,25,A,2.38,0.06,A,0,0,A,48.48267818,0.536739043,A,16.33229032,0.159183856,A,3.541620546,0.09425851,A,6.365772959,0.162622774,A,11.01687252,0.275462278,A,1.807433852,0.098611696,A,10.21411104,0.176970807,A,0.171048872,0.047433111,A,2.068171717,0.087227671,A,,,ND,,,,,,,,,,,,,,F,100,48.48267818,5.609792263,diamond,#56b4e9,Y,Y,N,N,N,Dixon,578.6443457,30.23769181,1,0,0,0
Lesne et al. (2010),10.1007/s00410-010-0588-x,Trachybasalt,Etna,Natural,KFT,ND,IHPV,Run7#2,1200,10,A,1006,25,A,3.59,0.12,A,0,0,A,48.17683735,0.406820968,A,16.61161665,0.203079295,A,3.60572195,0.123153157,A,6.837690473,0.146929575,A,10.58296024,0.209059083,A,1.659069336,0.074541935,A,10.33103532,0.447826194,A,0.09954416,0.068783719,A,2.096699602,0.059646458,A,,,ND,,,,,,,,,,,,,,F,100.0011751,48.17627124,5.702354545,diamond,#56b4e9,Y,Y,N,N,N,Dixon,1270.589593,79.32327386,1,0,0,0
Lesne et al. (2010),10.1007/s00410-010-0588-x,Trachybasalt,Etna,Natural,KFT,ND,IHPV,Run37#2,1200,10,A,163,25,A,1.08,0.07,A,0,0,A,48.85310364,0.414262129,A,16.19079,0.148025336,A,3.428557039,0.140272156,A,6.734126917,0.115982757,A,10.64119659,0.122816711,A,1.730340002,0.098220415,A,10.32983747,0.245785476,A,0.135146561,0.06726461,A,1.95690178,0.072611982,A,,,ND,,,,,,,,,,,,,,F,100,48.85310364,5.385458819,diamond,#56b4e9,Y,N,N,N,N,Dixon,114.4874826,15.7342437,1,0,0,0
Lesne et al. (2010),10.1007/s00410-010-0588-x,Trachybasalt,Etna,Natural,KFT,ND,IHPV,Run48#2,1200,10,A,2760,25,A,6.18,0.15,A,0,0,A,48.63573636,0.557183954,A,16.12456545,0.140114416,A,3.603507766,0.128152074,A,6.46500059,0.230305736,A,10.69866297,0.267197093,A,1.788525333,0.085926408,A,10.38343308,0.419062275,A,0.234947995,0.063137589,A,2.065620458,0.085254892,A,,,ND,,,,,,,,,,,,,,F,100,48.63573636,5.669128224,diamond,#56b4e9,Y,N,N,N,N,Dixon,3143.613539,138.9367479,1,0,0,0
Iacono-Marziano et al. (2012),10.1016/j.gca.2012.08.035,Trachybasalt,Etna,Natural,FTIR,FTIR,IHPV,,1200,10,A,485,50,A,0.95,0.05,A,306,43,A,47.95,0.82,A,17.32,0.27,A,3.45,0.16,A,5.76,0.28,A,10.93,0.37,A,1.67,0.11,A,10.24,1.25,A,0,0,A,1.99,0.1,A,0.51,0.12,A,,,,,,,,,,,,,,F,99.82,48.03646564,5.449809657,diamond,#56b4e9,Y,Y,Y,N,N,Dixon,557.3185508,119.4604443,0.178579865,0.043913405,0.821420135,0.043913405
Iacono-Marziano et al. (2012),10.1016/j.gca.2012.08.035,Trachybasalt,Etna,Natural,FTIR,FTIR,IHPV,,1200,10,A,485,50,A,1.18,0.07,A,191,27,A,47.95,0.82,A,17.32,0.27,A,3.45,0.16,A,5.76,0.28,A,10.93,0.37,A,1.67,0.11,A,10.24,1.25,A,0,0,A,1.99,0.1,A,0.51,0.12,A,,,,,,,,,,,,,,F,99.82,48.03646564,5.449809657,diamond,#56b4e9,Y,Y,Y,N,N,Dixon,440.2221881,76.09515941,0.343490319,0.067200789,0.656509681,0.067200789
Iacono-Marziano et al. (2012),10.1016/j.gca.2012.08.035,Trachybasalt,Etna,Natural,FTIR,FTIR,IHPV,,1200,10,A,1015,50,A,0.99,0.06,A,843,118,A,47.95,0.82,A,17.32,0.27,A,3.45,0.16,A,5.76,0.28,A,10.93,0.37,A,1.67,0.11,A,10.24,1.25,A,0,0,A,1.99,0.1,A,0.51,0.12,A,,,,,,,,,,,,,,F,99.82,48.03646564,5.449809657,diamond,#56b4e9,Y,Y,Y,N,N,Dixon,1344.280141,306.7928754,0.088022121,0.023115702,0.911977879,0.023115702
Iacono-Marziano et al. (2012),10.1016/j.gca.2012.08.035,Trachybasalt,Etna,Natural,FTIR,FTIR,IHPV,,1200,10,A,1015,50,A,2.12,0.17,A,548,82,A,47.95,0.82,A,17.32,0.27,A,3.45,0.16,A,5.76,0.28,A,10.93,0.37,A,1.67,0.11,A,10.24,1.25,A,0,0,A,1.99,0.1,A,0.51,0.12,A,,,,,,,,,,,,,,T,99.82,48.03646564,5.449809657,diamond,#56b4e9,Y,Y,Y,N,N,Dixon,1314.645975,227.9462308,0.396687538,0.075254684,0.603312462,0.075254684
Iacono-Marziano et al. (2012),10.1016/j.gca.2012.08.035,Trachybasalt,Etna,Natural,FTIR,FTIR,IHPV,,1200,10,A,1017,50,A,0.8,0.05,A,808,121,A,47.95,0.82,A,17.32,0.27,A,3.45,0.16,A,5.76,0.28,A,10.93,0.37,A,1.67,0.11,A,10.24,1.25,A,0,0,A,1.99,0.1,A,0.51,0.12,A,,,,,,,,,,,,,,F,99.82,48.03646564,5.449809657,diamond,#56b4e9,Y,N,Y,N,N,Dixon,1266.093651,297.1734689,0.058973738,0.016079405,0.941026262,0.016079405
Iacono-Marziano et al. (2012),10.1016/j.gca.2012.08.035,Trachybasalt,Etna,Natural,FTIR,FTIR,IHPV,,1200,10,A,1017,50,A,2.08,0.08,A,534,75,A,47.95,0.82,A,17.32,0.27,A,3.45,0.16,A,5.76,0.28,A,10.93,0.37,A,1.67,0.11,A,10.24,1.25,A,0,0,A,1.99,0.1,A,0.51,0.12,A,,,,,,,,,,,,,,F,99.82,48.03646564,5.449809657,diamond,#56b4e9,Y,N,Y,N,N,Dixon,1289.674001,209.7923,0.390357629,0.067424093,0.609642371,0.067424093
Iacono-Marziano et al. (2012),10.1016/j.gca.2012.08.035,Trachybasalt,Etna,Natural,FTIR,FTIR,IHPV,,1200,10,A,1530,50,A,1.43,0.07,A,1278,179,A,47.95,0.82,A,17.32,0.27,A,3.45,0.16,A,5.76,0.28,A,10.93,0.37,A,1.67,0.11,A,10.24,1.25,A,0,0,A,1.99,0.1,A,0.51,0.12,A,,,,,,,,,,,,,,T,99.82,48.03646564,5.449809657,diamond,#56b4e9,Y,N,Y,N,N,Dixon,2096.784112,463.7976072,0.125044786,0.028649376,0.874955214,0.028649376
Iacono-Marziano et al. (2012),10.1016/j.gca.2012.08.035,Trachybasalt,Etna,Natural,FTIR,FTIR,IHPV,,1200,10,A,1530,50,A,3.01,0.26,A,1035,145,A,47.95,0.82,A,17.32,0.27,A,3.45,0.16,A,5.76,0.28,A,10.93,0.37,A,1.67,0.11,A,10.24,1.25,A,0,0,A,1.99,0.1,A,0.51,0.12,A,,,,,,,,,,,,,,F,99.82,48.03646564,5.449809657,diamond,#56b4e9,Y,N,Y,N,N,Dixon,2492.308597,397.6076606,0.423046508,0.073888088,0.576953492,0.073888088
Iacono-Marziano et al. (2012),10.1016/j.gca.2012.08.035,Trachybasalt,Etna,Natural,FTIR,FTIR,IHPV,,1200,10,A,2047,50,A,1.04,0.14,A,1853,259,A,47.95,0.82,A,17.32,0.27,A,3.45,0.16,A,5.76,0.28,A,10.93,0.37,A,1.67,0.11,A,10.24,1.25,A,0,0,A,1.99,0.1,A,0.51,0.12,A,,,,,,,,,,,,,,F,99.82,48.03646564,5.449809657,diamond,#56b4e9,Y,N,Y,N,N,Dixon,2706.546974,599.9396815,0.052797352,0.019000921,0.947202648,0.019000921
Iacono-Marziano et al. (2012),10.1016/j.gca.2012.08.035,Trachybasalt,Etna,Natural,FTIR,FTIR,IHPV,,1200,10,A,2047,50,A,2.82,0.09,A,1489,208,A,47.95,0.82,A,17.32,0.27,A,3.45,0.16,A,5.76,0.28,A,10.93,0.37,A,1.67,0.11,A,10.24,1.25,A,0,0,A,1.99,0.1,A,0.51,0.12,A,,,,,,,,,,,,,,F,99.82,48.03646564,5.449809657,diamond,#56b4e9,Y,N,Y,N,N,Dixon,2971.192275,485.0226567,0.325902275,0.055916941,0.674097725,0.055916941
Iacono-Marziano et al. (2012),10.1016/j.gca.2012.08.035,Trachybasalt,Etna,Natural,FTIR,FTIR,IHPV,,1200,10,A,2055,50,A,0.87,0.08,A,1706,239,A,47.95,0.82,A,17.32,0.27,A,3.45,0.16,A,5.76,0.28,A,10.93,0.37,A,1.67,0.11,A,10.24,1.25,A,0,0,A,1.99,0.1,A,0.51,0.12,A,,,,,,,,,,,,,,F,99.82,48.03646564,5.449809657,diamond,#56b4e9,Y,N,Y,N,N,Dixon,2466.571537,557.5508909,0.03899517,0.011739378,0.96100483,0.011739378
Iacono-Marziano et al. (2012),10.1016/j.gca.2012.08.035,Trachybasalt,Etna,Natural,FTIR,FTIR,IHPV,,1200,10,A,2055,50,A,3.45,0.07,A,1408,197,A,47.95,0.82,A,17.32,0.27,A,3.45,0.16,A,5.76,0.28,A,10.93,0.37,A,1.67,0.11,A,10.24,1.25,A,0,0,A,1.99,0.1,A,0.51,0.12,A,,,,,,,,,,,,,,T,99.82,48.03646564,5.449809657,diamond,#56b4e9,Y,N,Y,N,N,Dixon,3220.228942,458.2671672,0.424393851,0.063169495,0.575606149,0.063169495
Iacono-Marziano et al. (2012),10.1016/j.gca.2012.08.035,Trachybasalt,Etna,Natural,FTIR,FTIR,IHPV,,1200,10,A,2135,50,A,2.7,0.19,A,1412,198,A,47.95,0.82,A,17.32,0.27,A,3.45,0.16,A,5.76,0.28,A,10.93,0.37,A,1.67,0.11,A,10.24,1.25,A,0,0,A,1.99,0.1,A,0.51,0.12,A,,,,,,,,,,,,,,F,99.82,48.03646564,5.449809657,diamond,#56b4e9,Y,Y,Y,N,N,Dixon,2811.609549,484.5540141,0.314725476,0.061592145,0.685274524,0.061592145
Iacono-Marziano et al. (2012),10.1016/j.gca.2012.08.035,Trachybasalt,Etna,Natural,FTIR,FTIR,IHPV,,1200,10,A,2754,50,A,1.64,0.08,A,2515,352,A,47.95,0.82,A,17.32,0.27,A,3.45,0.16,A,5.76,0.28,A,10.93,0.37,A,1.67,0.11,A,10.24,1.25,A,0,0,A,1.99,0.1,A,0.51,0.12,A,,,,,,,,,,,,,,T,99.82,48.03646564,5.449809657,diamond,#56b4e9,Y,N,Y,N,N,Dixon,3667.721563,768.4338942,0.100479512,0.023657189,0.899520488,0.023657189
Iacono-Marziano et al. (2012),10.1016/j.gca.2012.08.035,Trachybasalt,Etna,Natural,FTIR,FTIR,IHPV,,1200,10,A,3080,50,A,1.09,0.09,A,2816,394,A,47.95,0.82,A,17.32,0.27,A,3.45,0.16,A,5.76,0.28,A,10.93,0.37,A,1.67,0.11,A,10.24,1.25,A,0,0,A,1.99,0.1,A,0.51,0.12,A,,,,,,,,,,,,,,F,99.82,48.03646564,5.449809657,diamond,#56b4e9,Y,N,Y,N,N,Dixon,3823.912263,833.7700376,0.042910964,0.011922068,0.957089036,0.011922068
Iacono-Marziano et al. (2012),10.1016/j.gca.2012.08.035,Trachybasalt,Etna,Natural,FTIR,FTIR,IHPV,,1200,10,A,3080,50,A,3.54,0.3,A,2416,338,A,47.95,0.82,A,17.32,0.27,A,3.45,0.16,A,5.76,0.28,A,10.93,0.37,A,1.67,0.11,A,10.24,1.25,A,0,0,A,1.99,0.1,A,0.51,0.12,A,,,,,,,,,,,,,,T,99.82,48.03646564,5.449809657,diamond,#56b4e9,Y,N,Y,N,N,Dixon,4531.723646,717.8296883,0.324933601,0.062907812,0.675066399,0.062907812
Iacono-Marziano et al. (2012),10.1016/j.gca.2012.08.035,Trachybasalt,Etna,Natural,FTIR,FTIR,IHPV,,1200,10,A,4185,50,A,1.36,0.07,A,3673,615,A,47.95,0.82,A,17.32,0.27,A,3.45,0.16,A,5.76,0.28,A,10.93,0.37,A,1.67,0.11,A,10.24,1.25,A,0,0,A,1.99,0.1,A,0.51,0.12,A,,,,,,,,,,,,,,F,99.82,48.03646564,5.449809657,diamond,#56b4e9,Y,N,Y,N,N,Dixon,4795.852455,1036.517192,0.054802475,0.013878165,0.945197525,0.013878165
Iacono-Marziano et al. (2012),10.1016/j.gca.2012.08.035,Trachybasalt,Etna,Natural,FTIR,FTIR,IHPV,,1200,10,A,4185,50,A,1.47,0.1,A,3965,663,A,47.95,0.82,A,17.32,0.27,A,3.45,0.16,A,5.76,0.28,A,10.93,0.37,A,1.67,0.11,A,10.24,1.25,A,0,0,A,1.99,0.1,A,0.51,0.12,A,,,,,,,,,,,,,,F,99.82,48.03646564,5.449809657,diamond,#56b4e9,Y,N,Y,N,N,Dixon,5120.627538,1100.090708,0.060223618,0.015255584,0.939776382,0.015255584
Iacono-Marziano et al. (2012),10.1016/j.gca.2012.08.035,Trachybasalt,Etna,Natural,FTIR,FTIR,IHPV,,1200,10,A,4185,50,A,3.31,0.21,A,4061,686,A,47.95,0.82,A,17.32,0.27,A,3.45,0.16,A,5.76,0.28,A,10.93,0.37,A,1.67,0.11,A,10.24,1.25,A,0,0,A,1.99,0.1,A,0.51,0.12,A,,,,,,,,,,,,,,F,99.82,48.03646564,5.449809657,diamond,#56b4e9,Y,N,Y,N,N,Dixon,6080.530666,1036.481132,0.226682453,0.045458839,0.773317547,0.045458839
Iacono-Marziano et al. (2012),10.1016/j.gca.2012.08.035,Trachybasalt,Etna,Natural,FTIR,FTIR,IHPV,,1200,10,A,4185,50,A,2.16,0.18,A,4230,711,A,47.95,0.82,A,17.32,0.27,A,3.45,0.16,A,5.76,0.28,A,10.93,0.37,A,1.67,0.11,A,10.24,1.25,A,0,0,A,1.99,0.1,A,0.51,0.12,A,,,,,,,,,,,,,,F,99.82,48.03646564,5.449809657,diamond,#56b4e9,Y,N,Y,N,N,Dixon,5632.588281,1133.637547,0.115718649,0.030353274,0.884281351,0.030353274
Iacono-Marziano et al. (2012),10.1016/j.gca.2012.08.035,Tephrite,"Torre Alfina, Italy",Synthetic,FTIR,FTIR,IHPV,2TA3,1200,10,A,3510,50,A,2.49,0.1,A,9766.666667,929.1573243,A,47.36,0.66,A,11.55,0.29,A,0.83,0.09,A,10.9,0.35,A,15.92,0.62,A,1.22,0.13,A,5.04,0.14,A,,,ND,6.58,0.26,A,0.6,0.08,A,,,,,,,,,,,,,,F,100,47.36,7.41,triangle-up,#ece133,N,N,Y,N,N,Dixon,9040.012836,1100.097945,0.09552985,0.014841666,0.90447015,0.014841666
Iacono-Marziano et al. (2008),10.1007/s00410-007-0267-8,Basalt,Stromboli,Natural,FTIR,FTIR,IHPV,#4-4,1100,10,A,2140,50,A,2.3,0.1,R,4300,141.4213562,A,46.84,0.01,R,14.48,0.01,R,2.32,0.01,R,6.86,0.01,R,19.45,0.01,R,0.71,0.01,R,6.95,0.01,R,,,ND,1.77,0.01,R,0.62,0.01,R,,,,,,,,,,,,,,F,100,46.84,4.09,star-triangle-down,#0173b2,N,N,Y,N,N,Dixon,4485.93578,344.72647,0.171708888,0.031386022,0.828291112,0.031386022
Iacono-Marziano et al. (2008),10.1007/s00410-007-0267-8,Basalt,Stromboli,Natural,FTIR,FTIR,IHPV,#5- 4,1150,10,A,2130,50,A,2.5,0.1,R,2800,141.4213562,A,47.76,0.01,R,15.13,0.01,R,2.47,0.01,R,6.66,0.01,R,17.26,0.01,R,0.86,0.01,R,7.23,0.01,R,,,ND,1.98,0.01,R,0.66,0.01,R,,,,,,,,,,,,,,F,100.01,47.75522448,4.449555044,star-triangle-down,#0173b2,N,N,Y,N,N,Dixon,4086.318638,421.6183265,0.203083082,0.038620326,0.796916918,0.038620326
Iacono-Marziano et al. (2008),10.1007/s00410-007-0267-8,Basalt,Stromboli,Natural,FTIR,FTIR,IHPV,#5-5,1150,10,A,2130,50,A,1.6,0.1,R,6000,282.8427125,A,45.04,0.01,R,14.31,0.01,R,2.37,0.01,R,6.64,0.01,R,21.85,0.01,R,0.79,0.01,R,6.5,0.01,R,,,ND,1.88,0.01,R,0.62,0.01,R,,,,,,,,,,,,,,F,100,45.04,4.25,star-triangle-down,#0173b2,N,N,Y,N,N,Dixon,4238.605574,278.44172,0.094639028,0.01818304,0.905360972,0.01818304
"Hughes et al. (2018) Am. Min., Shea et al. (2025) GGR","10.2138/am-2018-6546CCBY, 10.1111/ggr.12609",Trachybasalt,"Etna, Italy",Synthetic,TCEA,SIMS,IHPV,ETNA14,1250,5,A,1000,50,A,3.19,0.06,A,63,16,A,48.86,0.11,A,17,0.08,A,3.88,0.06,A,5.79,0.06,A,6.76,0.04,A,1.64,0.03,A,9.79,0.09,A,0.27,0.02,A,1.8,0.02,A,0.51,0.03,A,0.300274532,0.06735246,A,,,,NR,0.863636364,0.071751055,A,0.136363636,,NR,F,96.3,50.73727934,5.898234683,triangle-up,#56b4e9,N,N,N,N,N,Dixon,1110.548692,48.85910416,0.888878803,0.026203059,0.111121197,0.026203059
"Hughes et al. (2018) Am. Min., Shea et al. (2025) GGR","10.2138/am-2018-6546CCBY, 10.1111/ggr.12609",Trachybasalt,"Etna, Italy",Synthetic,TCEA,SIMS,IHPV,ETNA24,1250,5,A,5000,50,A,2.86,0.06,A,1764,100,A,48.65,0.11,A,16.92,0.07,A,3.94,0.07,A,5.99,0.05,A,6.73,0.04,A,1.71,0.03,A,10.09,0.07,A,0.21,0.02,A,1.78,0.02,A,0.46,0.03,A,0.239630877,0.065472829,A,,,,NR,1,0.066617339,A,0,,NR,F,96.48,50.42495854,5.928689884,triangle-up,#56b4e9,N,N,N,N,N,Dixon,3862.826735,181.8351131,0.246491865,0.013278167,0.753508135,0.013278167
Shea et al. (2025),10.1111/ggr.12609,Trachybasalt,"Etna, Italy",Synthetic,TCEA,SHM,IHPV,ETNA34,1250,5,A,5000,50,A,0.67,0.06,A,1525,66,A,48.65,0.11,A,15.94,0.05,A,4.21,0.08,A,6.21,0.03,A,10.35,0.12,A,1.8,0.03,A,9.2,0.16,A,0.16,0.01,A,1.88,0.02,A,0.52,0.01,A,0.166175835,0.072660499,A,,,,NR,1,0.133234678,A,0,,NR,T,98.92,49.18115649,6.156490093,cross,#56b4e9,N,N,N,N,N,Dixon,2688.952401,151.3981506,0.019039388,0.003598261,0.980960612,0.003598261
Shea et al. (2025),10.1111/ggr.12609,Trachybasalt,"Etna, Italy",Synthetic,TCEA,SHM,IHPV,ETNA35,1250,5,A,5000,50,A,1.64,0.06,A,1014,65,A,47.88,0.16,A,15.75,0.03,A,4.14,0.07,A,6.15,0.04,A,10.21,0.13,A,1.76,0.03,A,9.6,0.1,A,0.18,0.01,A,1.86,0.01,A,0.51,0.01,A,0.54906404,0.068500088,A,,,,NR,0.166666667,0.171233722,A,0.833333333,,NR,T,98.04,48.8372093,6.11995104,cross,#56b4e9,N,N,N,N,N,Dixon,1720.861419,109.1211035,0.184675665,0.015846751,0.815324335,0.015846751
Shea et al. (2025),10.1111/ggr.12609,Trachybasalt,"Etna, Italy",Synthetic,TCEA,SHM,IHPV,ETNA36,1250,5,A,3000,50,A,2.3,0.06,A,2026,34,A,48.9,0.09,A,16.04,0.08,A,4.16,0.08,A,6.23,0.05,A,10.36,0.09,A,1.8,0.03,A,9.9,0.11,A,0.17,0.01,A,1.89,0.02,A,0.53,0.02,A,0.198301035,0.068666948,A,,,,NR,0.6,0.087432514,A,0.4,,NR,F,99.98,48.90978196,6.051210242,cross,#56b4e9,N,N,N,N,N,Dixon,4299.087838,137.7896292,0.14980895,0.008070981,0.85019105,0.008070981
